"playerid","Date","PA","wOBA"
17929,"2024-09-29",3,0.587807138760885
17929,"2024-09-27",4,0.392710357904434
17929,"2024-09-26",4,0.220427677035332
17929,"2024-09-25",5,0.741399657726288
17929,"2024-09-24",4,0
17929,"2024-09-22",4,0.512402772903442
17929,"2024-09-21",5,0.176342141628265
17929,"2024-09-19",5,0.176342141628265
17929,"2024-09-18",5,0
17929,"2024-09-17",4,0.172282680869102
17929,"2024-09-15",4,0.172282680869102
17929,"2024-09-14",4,0.613138034939766
17929,"2024-09-13",3,0
17929,"2024-09-11",5,0
17929,"2024-09-10",5,0.95767058134079
17929,"2024-09-09",3,0.240064005057017
17929,"2024-09-08",4,0.440855354070663
17929,"2024-09-07",3,1.02480554580688
17929,"2024-09-06",3,0.459420482317607
17929,"2024-09-04",4,0.613138034939766
17929,"2024-09-03",5,0.314168286323547
17929,"2024-09-02",6,0.697627991437912
17929,"2024-09-01",4,0.220427677035332
17929,"2024-08-31",4,0.564993038773537
17929,"2024-08-30",2,0.440855354070663
17929,"2024-08-29",4,0.352330684661865
17929,"2024-08-28",4,0
17929,"2024-08-27",4,0
17929,"2024-08-23",2,0.344565361738205
17929,"2024-08-22",3,0.229710241158803
17929,"2024-08-21",0,0
17929,"2024-08-20",2,0.881710708141327
17929,"2024-08-19",1,0
17929,"2024-08-18",3,0.293903569380442
17929,"2024-08-17",4,0.172282680869102
17929,"2024-08-16",5,0.451994431018829
17929,"2024-08-15",3,0.923267702261607
17929,"2024-08-14",0,0
17929,"2024-08-13",4,0.293903569380442
17929,"2024-08-11",1,0.881710708141327
17929,"2024-08-10",5,0
17929,"2024-08-09",4,0.732830449938774
17929,"2024-08-08",4,0.313611537218094
17929,"2024-08-07",0,0
17929,"2024-08-04",5,0
17929,"2024-08-03",2,0
17929,"2024-08-02",4,0.172282680869102
17929,"2024-08-01",4,0
17929,"2024-07-31",5,0.766162717342377
17929,"2024-07-30",4,0.392710357904434
17929,"2024-07-29",5,0.485894218087196
17929,"2024-07-28",4,0.647858957449595
17929,"2024-07-27",4,0.826014310121536
17929,"2024-07-26",1,0
17929,"2024-07-25",0,0
17929,"2024-07-24",3,0.229710241158803
17929,"2024-07-23",3,0.293903569380442
17929,"2024-07-21",1,0
17929,"2024-07-20",5,0.724090504646301
17929,"2024-07-19",4,0
17929,"2024-07-14",1,1.25444614887238
17929,"2024-07-13",1,0
17929,"2024-07-12",4,0.220427677035332
17929,"2024-07-11",3,0
17929,"2024-07-09",3,0
17929,"2024-07-07",4,0
17929,"2024-07-06",5,0.176342141628265
17929,"2024-07-05",0,0
17929,"2024-07-04",4,0.534039214253426
17929,"2024-07-03",4,0
17929,"2024-07-02",4,0.392710357904434
17929,"2024-06-29",4,0.180048003792763
17929,"2024-06-28",3,0
17929,"2024-06-27",4,1.04644198715687
17929,"2024-06-26",3,0.977107266585032
17929,"2024-06-25",1,1.25444614887238
17929,"2024-06-24",4,0
17929,"2024-06-22",3,0.823872903982798
17929,"2024-06-21",5,0.352684283256531
17929,"2024-06-20",6,0.550676206747691
17929,"2024-06-19",5,0.352684283256531
17929,"2024-06-18",1,0
17929,"2024-06-16",4,0.220427677035332
17929,"2024-06-15",4,0.392710357904434
17929,"2024-06-14",4,0.313611537218094
17929,"2024-06-13",4,0.392710357904434
17929,"2024-06-12",3,0.712052285671234
17929,"2024-06-11",0,0
17929,"2024-06-10",4,0
17929,"2024-06-09",4,0.617904677987099
17929,"2024-06-08",4,0.172282680869102
17929,"2024-06-07",4,0
17929,"2024-06-05",4,0.172282680869102
17929,"2024-06-02",4,0
17929,"2024-06-01",0,0
17929,"2024-05-31",2,0
17929,"2024-05-29",4,0
17929,"2024-05-28",2,0
17929,"2024-05-27",4,0.397477000951767
17929,"2024-05-26",0,0
17929,"2024-05-25",1,0
17929,"2024-05-24",3,0
17929,"2024-05-23",5,0.352684283256531
17929,"2024-05-22",1,0.881710708141327
17929,"2024-05-21",3,0
17929,"2024-05-20",4,0.172282680869102
17929,"2024-05-19",4,0.440855354070663
17929,"2024-05-18",4,0.220427677035332
17929,"2024-05-15",2,0
17929,"2024-05-13",4,0
17929,"2024-05-11",1,0
17929,"2024-05-10",4,0
17929,"2024-05-08",5,0
17929,"2024-05-07",3,0.293903569380442
17929,"2024-05-04",4,0.313611537218094
17929,"2024-05-03",4,0
17929,"2024-05-02",1,0
17929,"2024-05-01",3,0.229710241158803
17929,"2024-04-30",4,0.220427677035332
17929,"2024-04-29",3,0.229710241158803
17929,"2024-04-28",4,0
17929,"2024-04-27",4,0.220427677035332
17929,"2024-04-26",4,0.512402772903442
17929,"2024-04-24",5,0.137826144695282
17929,"2024-04-23",4,0
17929,"2024-04-22",4,0.172282680869102
17929,"2024-04-21",4,0.440855354070663
17929,"2024-04-20",1,0
17929,"2024-04-19",4,0.220427677035332
17929,"2024-04-17",4,0.512402772903442
17929,"2024-04-16",5,0.176342141628265
17929,"2024-04-15",4,0.512402772903442
17929,"2024-04-14",4,0.826014310121536
17929,"2024-04-13",1,0.881710708141327
17929,"2024-04-12",3,0.293903569380442
17929,"2024-04-11",5,0.451994431018829
17929,"2024-04-10",5,0.392710357904434
17929,"2024-04-09",5,0.490510427951813
17929,"2024-04-07",3,0
17929,"2024-04-06",4,0
17929,"2024-04-05",4,0.512402772903442
17929,"2024-04-03",0,0
17929,"2024-04-02",3,0
17929,"2024-04-01",4,0.220427677035332
17929,"2024-03-31",4,0.180048003792763
17929,"2024-03-30",4,0.313611537218094
17929,"2024-03-28",4,0.512402772903442
