"playerid","PlayerName","Season","PA","AVG","HR","RBI","wOBA","wRC_plus"
15640,"Aaron Judge",2022,696,0.3105,62,131,0.4582,206.1548
9777,"Nolan Arenado",2022,620,0.2926,30,103,0.381,149.2387
11493,"Manny Machado",2022,644,0.2976,32,102,0.3816,151.892
5417,"Jose Altuve",2022,604,0.2998,28,57,0.3969,164.4135
9218,"Paul Goldschmidt",2022,651,0.3173,35,115,0.4193,175.4347
5361,"Freddie Freeman",2022,708,0.3252,21,100,0.3925,157.3618
11739,"J.T. Realmuto",2022,562,0.2758,22,84,0.354,128.702
18314,"Dansby Swanson",2022,696,0.2766,25,96,0.3374,116.7711
19556,"Yordan Alvarez",2022,561,0.3064,37,97,0.4266,185.3696
12916,"Francisco Lindor",2022,706,0.2698,26,107,0.3418,124.4976
16252,"Trea Turner",2022,708,0.2975,21,100,0.3496,128.0095
19950,"Andrés Giménez",2022,557,0.2974,17,69,0.3641,140.9517
10155,"Mike Trout",2022,499,0.2831,40,80,0.4178,175.8748
13611,"Mookie Betts",2022,639,0.2692,35,82,0.3734,144.2663
12161,"Xander Bogaerts",2022,631,0.307,15,73,0.3631,133.2688
13510,"José Ramírez",2022,685,0.2795,29,126,0.3627,140.0002
18360,"Austin Riley",2022,693,0.2732,38,93,0.3766,143.5551
23697,"Julio Rodríguez",2022,560,0.2838,28,75,0.3661,147.5149
26288,"Adley Rutschman",2022,470,0.2538,13,42,0.3538,134.8188
15362,"Jeff McNeil",2022,589,0.3265,9,62,0.3652,140.46
12927,"Brandon Nimmo",2022,673,0.2741,16,64,0.3527,131.9523
17678,"Alex Bregman",2022,656,0.2591,23,93,0.3578,136.7969
19470,"Tommy Edman",2022,630,0.2652,13,57,0.3176,105.9083
19352,"Sean Murphy",2022,612,0.2495,18,66,0.3313,120.5478
17350,"Rafael Devers",2022,614,0.2955,27,88,0.3728,140.1048
18345,"Kyle Tucker",2022,609,0.2574,30,107,0.3476,129.6423
19612,"Bo Bichette",2022,697,0.2899,24,93,0.3475,129.3417
25931,"Michael Harris II",2022,441,0.2971,19,64,0.3675,137.3301
24610,"Steven Kwan",2022,638,0.2984,6,52,0.3414,124.9382
14162,"Carlos Correa",2022,590,0.2912,22,64,0.3623,139.1672
15986,"Willy Adames",2022,617,0.238,31,98,0.3247,108.9009
12533,"Marcus Semien",2022,724,0.2481,26,83,0.3172,106.6232
13624,"Corey Seager",2022,663,0.2445,33,83,0.3313,116.5733
19197,"Will Smith",2022,578,0.2598,24,87,0.3487,127.4026
12552,"Eugenio Suárez",2022,629,0.2357,31,87,0.3442,132.0248
19918,"Daulton Varsho",2022,592,0.2354,27,74,0.3228,106.3112
22581,"Alejandro Kirk",2022,541,0.2851,14,63,0.3472,129.1378
21479,"Nico Hoerner",2022,517,0.2807,10,55,0.3196,108.3266
21534,"Cal Raleigh",2022,415,0.2108,27,63,0.3299,121.9181
12856,"George Springer",2022,583,0.2671,25,76,0.3521,132.5993
7739,"Travis d'Arnaud",2022,426,0.2677,18,60,0.3433,120.7734
13419,"Christian Walker",2022,667,0.2419,36,94,0.3461,122.274
16578,"Yandy Díaz",2022,558,0.296,9,57,0.3661,145.1791
16505,"Matt Chapman",2022,621,0.2286,27,76,0.3307,117.5152
16725,"Jose Trevino",2022,353,0.2478,11,43,0.2931,89.5714
19251,"Pete Alonso",2022,685,0.2714,40,131,0.3657,140.8534
15676,"José Abreu",2022,679,0.3045,15,75,0.3614,137.2869
17929,"Cedric Mullins",2022,672,0.2582,16,64,0.3151,107.5132
17919,"Ian Happ",2022,641,0.2705,17,72,0.3391,121.6669
17548,"Taylor Ward",2022,564,0.2808,23,65,0.3619,136.4409
20123,"Juan Soto",2022,664,0.2424,27,62,0.3759,145.7226
18036,"Jake Cronenworth",2022,684,0.2385,17,88,0.3183,108.5835
27506,"Ha-Seong Kim",2022,582,0.2515,11,59,0.313,104.9782
19755,"Shohei Ohtani",2022,666,0.273,34,95,0.3696,141.87
9241,"Starling Marte",2022,505,0.2918,16,63,0.3547,133.3257
11609,"Willson Contreras",2022,487,0.2428,22,55,0.3569,133.8365
8709,"Elvis Andrus",2022,577,0.2486,17,58,0.31,103.9926
14161,"Byron Buxton",2022,382,0.2235,28,51,0.3559,134.6276
19611,"Vladimir Guerrero Jr.",2022,706,0.2743,32,97,0.3515,132.1731
21636,"Jeremy Peña",2022,558,0.2534,22,63,0.3091,102.4728
19287,"Adolis García",2022,657,0.2496,27,101,0.3244,111.6992
14344,"Matt Olson",2022,699,0.2403,34,103,0.3438,121.0959
11615,"Brandon Drury",2022,568,0.2625,28,87,0.3496,123.0341
18577,"Ke'Bryan Hayes",2022,560,0.2436,7,41,0.2945,85.9939
9874,"DJ LeMahieu",2022,541,0.2612,12,46,0.3295,115.2738
19566,"Nathaniel Lowe",2022,645,0.3019,27,76,0.3683,142.7203
15112,"Ryan McMahon",2022,597,0.2457,20,67,0.3257,96.7433
15518,"Amed Rosario",2022,670,0.2826,11,71,0.3113,103.6563
13066,"Teoscar Hernández",2022,535,0.2665,25,77,0.3478,129.5305
19326,"Bryan Reynolds",2022,614,0.262,27,62,0.3489,123.2304
17273,"Jorge Mateo",2022,533,0.2206,13,50,0.2811,83.5089
16426,"Thairo Estrada",2022,541,0.2602,14,62,0.3175,106.3022
16930,"Jonah Heim",2022,450,0.2266,16,48,0.3057,98.5009
19955,"Gavin Lux",2022,471,0.2755,6,42,0.3282,113.3922
19290,"Randy Arozarena",2022,645,0.2628,20,89,0.3355,123.5785
18795,"Ramón Urías",2022,445,0.2481,16,51,0.3132,106.1149
18568,"Luis Arraez",2022,603,0.3163,8,49,0.3495,130.1028
11579,"Bryce Harper",2022,426,0.2865,18,65,0.3693,139.1851
21454,"Lars Nootbaar",2022,347,0.2276,14,40,0.342,122.5449
17982,"Ty France",2022,613,0.274,20,83,0.3371,127.0199
16997,"Gleyber Torres",2022,572,0.2567,24,76,0.3282,114.4109
24679,"Brendan Donovan",2022,468,0.2813,5,45,0.3488,127.2034
10681,"Gio Urshela",2022,551,0.2854,13,64,0.3324,118.0218
12564,"Trevor Story",2022,396,0.2381,16,66,0.316,100.0472
19734,"Josh Rojas",2022,510,0.2686,9,56,0.326,108.5005
10815,"Jurickson Profar",2022,658,0.2435,15,58,0.3202,109.9043
11445,"Mark Canha",2022,542,0.2662,13,61,0.3434,125.5588
3473,"Anthony Rizzo",2022,548,0.2237,32,75,0.3523,131.4227
15464,"Hunter Renfroe",2022,522,0.2553,29,72,0.3465,123.8269
14551,"Anthony Santander",2022,647,0.2404,33,89,0.3356,121.952
16472,"Rhys Hoskins",2022,672,0.2462,30,79,0.3452,122.6673
16622,"Luis Urías",2022,472,0.2389,16,47,0.3268,110.3108
19997,"Santiago Espinal",2022,491,0.2673,7,51,0.3055,99.6669
18401,"Ronald Acuña Jr.",2022,533,0.2655,15,50,0.3354,115.3872
11899,"Joc Pederson",2022,433,0.2737,23,70,0.3732,144.4072
19599,"Chas McCormick",2022,407,0.2451,14,44,0.3262,114.5423
12532,"Kolten Wong",2022,497,0.2512,15,47,0.3359,116.5464
25764,"Bobby Witt Jr.",2022,632,0.2538,20,80,0.311,97.8335
5235,"Justin Turner",2022,532,0.2778,13,81,0.3428,123.3267
20036,"Isaac Paredes",2022,381,0.2054,20,45,0.3231,114.7955
23667,"Wander Franco",2022,344,0.2771,6,33,0.3235,115.0671
15172,"Tim Anderson",2022,351,0.3012,6,25,0.3228,110.0616
15491,"J.P. Crawford",2022,603,0.2432,6,42,0.3057,104.8668
16478,"Kyle Schwarber",2022,669,0.2184,46,94,0.3546,129.0993
21622,"Jake McCarthy",2022,354,0.2835,8,43,0.337,116.0387
11477,"Christian Yelich",2022,671,0.2522,14,57,0.3276,110.8872
12037,"Jon Berti",2022,404,0.2402,4,28,0.2981,88.4213
20043,"Luis Robert Jr.",2022,401,0.2842,12,56,0.3242,111.0746
12325,"Jace Peterson",2022,328,0.2361,8,34,0.3059,96.0513
16153,"Austin Slater",2022,325,0.2635,7,34,0.344,124.4561
13145,"Josh Bell",2022,647,0.2663,17,71,0.3435,123.7269
5933,"Jean Segura",2022,387,0.2768,10,33,0.3199,105.3648
13675,"Tyrone Taylor",2022,405,0.2332,17,51,0.3145,101.9093
13301,"Max Muncy",2022,565,0.1961,21,69,0.3179,106.3341
5343,"Brandon Crawford",2022,458,0.231,9,52,0.2889,86.7346
20503,"William Contreras",2022,376,0.2784,20,45,0.3703,139.2338
1177,"Albert Pujols",2022,351,0.2704,24,68,0.3799,148.474
17901,"Andrew Benintendi",2022,521,0.3037,5,51,0.3419,120.6838
30116,"Seiya Suzuki",2022,446,0.262,14,46,0.3342,118.3016
12979,"Javier Báez",2022,590,0.2378,17,67,0.2911,89.3957
19363,"Austin Hays",2022,582,0.2505,16,60,0.3139,106.6653
9774,"Christian Vázquez",2022,426,0.2739,9,52,0.3123,99.2369
6153,"Eduardo Escobar",2022,542,0.2404,20,69,0.3114,103.6887
20126,"Dylan Carlson",2022,488,0.2361,8,42,0.3064,98.2065
18839,"Josh Naylor",2022,498,0.2561,20,79,0.3314,117.8904
17907,"Brendan Rodgers",2022,581,0.2657,13,63,0.321,93.5572
11489,"Michael A. Taylor",2022,456,0.2536,9,43,0.2973,88.128
13613,"Ketel Marte",2022,558,0.2398,12,52,0.3171,102.4122
17452,"Jose Siri",2022,325,0.2126,7,24,0.2682,74.923
16451,"Luis Guillorme",2022,335,0.2727,2,17,0.3114,103.7059
18373,"Ryan Mountcastle",2022,609,0.2505,22,85,0.3159,108.0742
13152,"Jorge Polanco",2022,445,0.2347,16,56,0.3326,118.1457
18564,"Trent Grisham",2022,524,0.184,17,53,0.2803,82.6171
10028,"Christian Bethancourt",2022,333,0.2516,11,34,0.3009,99.1023
2136,"David Peralta",2022,490,0.2506,12,59,0.3147,103.5987
16337,"Nick Gordon",2022,443,0.2716,9,50,0.3211,110.041
21897,"Christopher Morel",2022,425,0.2348,16,47,0.3224,110.2475
19858,"Luis Rengifo",2022,511,0.2638,17,52,0.3137,102.3823
13757,"Chris Taylor",2022,454,0.2214,10,43,0.2979,92.6683
17484,"Eloy Jiménez",2022,327,0.2945,16,54,0.37,143.4066
12144,"Max Kepler",2022,446,0.2268,9,43,0.2981,93.7975
5038,"Josh Donaldson",2022,546,0.2218,15,62,0.3016,95.5714
19610,"Keibert Ruiz",2022,433,0.2513,7,36,0.2989,91.9629
18171,"Seth Brown",2022,555,0.23,25,73,0.3234,114.9705
14813,"Kyle Farmer",2022,583,0.2548,14,78,0.3089,91.9557
19238,"Lourdes Gurriel Jr.",2022,493,0.2914,5,52,0.3267,114.6449
8202,"Josh Harrison",2022,425,0.2565,7,27,0.3049,97.4324
14854,"Mike Yastrzemski",2022,558,0.2144,17,57,0.3068,98.986
17620,"Myles Straw",2022,596,0.2206,0,32,0.257,65.3672
14968,"Victor Caratini",2022,314,0.1985,9,34,0.2888,84.3216
15998,"Cody Bellinger",2022,550,0.2103,19,68,0.284,83.1713
16512,"Isiah Kiner-Falefa",2022,531,0.2609,4,48,0.2852,84.0025
15711,"Tyler O'Neill",2022,383,0.2275,14,58,0.3074,98.9045
18030,"Harrison Bader",2022,313,0.25,5,30,0.2863,84.3213
6184,"J.D. Martinez",2022,596,0.2739,16,62,0.343,119.0662
21711,"Oneil Cruz",2022,361,0.2326,17,54,0.3204,103.7318
20970,"Oscar Gonzalez",2022,382,0.2956,11,43,0.3393,123.4918
21618,"Alec Bohm",2022,631,0.2799,13,72,0.3098,98.4615
20538,"Jose F Miranda",2022,483,0.268,15,66,0.329,115.6539
11442,"Gary Sánchez",2022,471,0.2053,16,61,0.2902,88.2185
20202,"Brandon Marsh",2022,461,0.2453,11,52,0.2963,89.5042
16939,"Lane Thomas",2022,548,0.241,17,52,0.3077,98.0211
14894,"Tony Kemp",2022,558,0.2354,7,46,0.2875,89.5906
13755,"Tomás Nido",2022,313,0.2394,3,28,0.2648,71.8131
12546,"C.J. Cron",2022,632,0.2574,29,102,0.3348,102.97
14130,"Daniel Vogelbach",2022,461,0.2383,18,59,0.3491,125.7561
14712,"Manuel Margot",2022,363,0.2738,4,47,0.3082,104.3163
10231,"Jose Iglesias",2022,467,0.2916,3,47,0.3116,87.0897
19252,"Cavan Biggio",2022,303,0.2023,6,24,0.3016,96.9805
26294,"Bryson Stott",2022,466,0.2342,10,49,0.289,84.2679
5827,"Wilmer Flores",2022,602,0.2286,19,71,0.3125,102.8821
14387,"Harold Ramírez",2022,435,0.3002,6,58,0.3272,117.7261
15223,"Adam Frazier",2022,602,0.2384,3,42,0.2736,82.1975
11265,"Jonathan Schoop",2022,510,0.2017,11,38,0.2454,57.1372
11281,"Whit Merrifield",2022,550,0.25,11,58,0.2944,87.4212
19890,"Emmanuel Rivera",2022,359,0.2333,12,40,0.3063,94.5817
17696,"Kevin Newman",2022,309,0.2743,2,24,0.3026,91.537
13602,"Patrick Wisdom",2022,534,0.2068,25,66,0.3164,106.1256
15279,"Garrett Cooper",2022,469,0.2609,9,50,0.3301,110.2888
18900,"Leody Taveras",2022,341,0.2611,5,34,0.2972,92.5065
14111,"Eric Haase",2022,351,0.2539,14,44,0.3223,111.4114
22244,"Jack Suwinski",2022,372,0.2025,19,38,0.3113,97.4994
16219,"J.D. Davis",2022,365,0.2484,12,35,0.3333,118.1
4949,"Giancarlo Stanton",2022,452,0.2111,31,78,0.3269,113.4641
7802,"Miguel Rojas",2022,507,0.2357,6,36,0.2681,67.9167
13853,"Joey Wendle",2022,371,0.2594,3,32,0.2887,82.0172
17027,"Alex Verdugo",2022,644,0.2799,11,74,0.3192,102.2917
15679,"Rowdy Tellez",2022,599,0.2193,35,89,0.327,110.4279
25976,"Riley Greene",2022,418,0.2527,5,42,0.3027,97.5685
5452,"Ji Man Choi",2022,419,0.2331,11,52,0.3223,114.2154
15149,"Trey Mancini",2022,587,0.2389,18,63,0.3123,105.314
19339,"Nicky Lopez",2022,480,0.2271,0,20,0.2505,55.1235
5297,"Aaron Hicks",2022,453,0.2161,8,40,0.2922,88.9922
2396,"Carlos Santana",2022,506,0.2019,19,60,0.308,101.9496
15794,"Yonathan Daza",2022,408,0.3011,2,34,0.3231,95.0157
10950,"Adam Duvall",2022,315,0.2125,12,36,0.2952,87.9101
17338,"Willi Castro",2022,392,0.2411,8,31,0.2854,85.3861
15937,"Aledmys Díaz",2022,327,0.2426,12,38,0.3009,96.6822
23792,"Alek Thomas",2022,411,0.231,8,39,0.2719,71.4865
17232,"Yoán Moncada",2022,433,0.2116,12,51,0.2747,76.1047
7304,"Salvador Perez",2022,473,0.2539,23,76,0.3241,107.074
6887,"Martín Maldonado",2022,379,0.186,15,45,0.2643,70.8131
13590,"Jesse Winker",2022,547,0.2193,14,53,0.3127,109.7792
10323,"Rafael Ortega",2022,371,0.2405,7,35,0.3048,98.2162
24655,"Owen Miller",2022,472,0.2429,6,51,0.2868,86.4112
2967,"Tommy Pham",2022,622,0.2365,17,63,0.3039,89.5497
3516,"Eric Hosmer",2022,419,0.2684,8,44,0.313,104.0957
13620,"Carson Kelly",2022,354,0.2114,7,35,0.2745,73.3187
9256,"AJ Pollock",2022,527,0.2454,14,56,0.2974,92.1105
9847,"Andrew McCutchen",2022,580,0.2369,17,69,0.309,98.1627
17128,"Ramón Laureano",2022,383,0.211,13,34,0.2941,94.2313
8623,"Donovan Solano",2022,304,0.2842,4,24,0.3189,98.7612
22277,"Nick Allen",2022,326,0.2074,4,19,0.2446,59.3013
14350,"Raimel Tapia",2022,433,0.2652,7,52,0.2929,90.8389
19913,"Jesús Sánchez",2022,343,0.2141,13,36,0.2979,88.2821
20332,"Luis González",2022,350,0.254,4,36,0.3017,95.4999
19600,"Bryan De La Cruz",2022,355,0.2523,13,43,0.3132,98.7838
10556,"César Hernández",2022,617,0.2482,1,34,0.2826,80.8474
13359,"Tyler Naquin",2022,334,0.229,11,46,0.3035,92.2736
10243,"Randal Grichuk",2022,538,0.2589,19,73,0.3147,89.22
14811,"Luke Voit",2022,568,0.226,22,69,0.3114,102.5537
18363,"Victor Robles",2022,407,0.224,6,33,0.2601,65.4683
14221,"Jorge Soler",2022,306,0.2074,13,34,0.3048,93.0498
16572,"Connor Joe",2022,467,0.2376,7,28,0.3137,88.5761
12282,"Rougned Odor",2022,472,0.2066,13,53,0.2784,81.5377
16434,"Christian Arroyo",2022,300,0.2857,6,36,0.3187,101.9146
20233,"Gilberto Celestino",2022,347,0.2379,2,24,0.2797,80.8469
10472,"Enrique Hernández",2022,402,0.2216,6,45,0.2798,74.4537
22799,"Geraldo Perdomo",2022,500,0.1949,5,40,0.2529,58.5485
10200,"Tucker Barnhart",2022,308,0.2206,1,16,0.2531,62.5515
21558,"Matt Vierling",2022,357,0.2462,6,32,0.2852,81.6386
21523,"Jonathan India",2022,431,0.2487,10,41,0.3138,95.3262
19901,"Gavin Sheets",2022,410,0.2414,15,53,0.3078,99.4527
19334,"Yadiel Hernandez",2022,327,0.2689,9,41,0.315,103.0217
20391,"Luis García Jr.",2022,377,0.275,7,45,0.3028,94.6469
18289,"Brian Anderson",2022,383,0.2219,8,28,0.2932,85.0708
15941,"Austin Nola",2022,397,0.2507,4,40,0.2895,88.9087
7859,"Charlie Blackmon",2022,577,0.2642,16,78,0.3171,90.8554
14196,"Andrew Velazquez",2022,349,0.1957,9,28,0.2387,49.4702
22263,"Nolan Gorman",2022,313,0.2261,14,35,0.3158,104.6306
12160,"Ben Gamel",2022,423,0.2318,9,46,0.3077,95.0245
14128,"Joey Gallo",2022,410,0.16,19,47,0.286,84.4835
5254,"Robbie Grossman",2022,477,0.2092,7,45,0.2833,82.3598
13621,"Jeimer Candelario",2022,467,0.2168,13,50,0.2772,79.5591
15487,"Victor Reyes",2022,336,0.254,3,34,0.284,84.3875
12976,"Austin Hedges",2022,338,0.1633,7,30,0.225,42.7485
10059,"Max Stassi",2022,375,0.1802,9,30,0.2583,63.2431
12984,"Jackie Bradley Jr.",2022,370,0.2035,4,38,0.2515,56.0329
19966,"Bobby Dalbec",2022,353,0.2145,12,39,0.287,79.5726
11737,"Nick Castellanos",2022,558,0.2634,13,62,0.3042,94.6565
13723,"Jacob Stallings",2022,384,0.2225,4,34,0.2654,66.0538
14691,"Harold Castro",2022,443,0.2714,7,47,0.2965,93.219
25768,"CJ Abrams",2022,302,0.2465,2,21,0.2671,71.8076
10324,"Marcell Ozuna",2022,507,0.2255,23,56,0.2978,89.6651
12179,"Maikel Franco",2022,388,0.2291,9,39,0.2608,65.9351
2434,"Nelson Cruz",2022,507,0.2344,10,64,0.2916,86.9866
22458,"Taylor Walls",2022,466,0.172,8,33,0.2524,64.9001
11368,"Yasmani Grandal",2022,376,0.2018,5,27,0.2631,67.9208
15191,"Chad Pinder",2022,379,0.2355,12,42,0.2807,84.8002
26197,"Andrew Vaughn",2022,555,0.2706,17,76,0.3267,112.7881
19844,"Abraham Toro",2022,352,0.1852,10,35,0.2463,62.8912
22197,"MJ Melendez",2022,534,0.2174,18,62,0.3102,97.2457
9929,"Darin Ruf",2022,388,0.2036,11,45,0.2913,88.6883
19293,"Nick Senzel",2022,420,0.2306,5,25,0.2717,66.5069
17321,"Michael Chavis",2022,426,0.2294,14,49,0.2823,77.6728
19198,"Yuli Gurriel",2022,584,0.2422,8,53,0.2847,85.2089
11342,"Jesús Aguilar",2022,507,0.2349,16,51,0.288,82.0882
4314,"Joey Votto",2022,376,0.205,11,41,0.3096,92.4522
27465,"Spencer Torkelson",2022,404,0.2028,8,28,0.272,75.8631
18607,"Jared Walsh",2022,454,0.2151,15,44,0.2782,77.3527
14566,"Franmil Reyes",2022,473,0.2215,14,47,0.2798,81.082
15117,"Hunter Dozier",2022,500,0.2359,12,41,0.2977,88.4318
5760,"Avisaíl García",2022,380,0.2241,8,35,0.2584,61.307
5913,"Leury García",2022,315,0.21,3,20,0.2212,38.3708
11680,"Elias Díaz",2022,381,0.2279,9,51,0.2842,68.4071
11200,"Kole Calhoun",2022,424,0.1959,12,49,0.2603,66.4425
1744,"Miguel Cabrera",2022,433,0.2544,5,43,0.2753,78.2009
18401,"Ronald Acuña Jr.",2023,735,0.3375,41,106,0.4276,171.4487
5361,"Freddie Freeman",2023,730,0.3312,29,102,0.4106,161.0068
13611,"Mookie Betts",2023,693,0.3065,39,107,0.4165,164.9687
19755,"Shohei Ohtani",2023,599,0.3038,44,95,0.4335,180.2209
14344,"Matt Olson",2023,720,0.2829,54,139,0.4128,161.5004
12533,"Marcus Semien",2023,753,0.2761,29,100,0.3542,127.9111
13624,"Corey Seager",2023,536,0.327,33,96,0.4186,172.5218
20123,"Juan Soto",2023,708,0.2746,35,109,0.3949,153.6644
25764,"Bobby Witt Jr.",2023,694,0.2761,30,96,0.3433,115.849
20503,"William Contreras",2023,611,0.2889,17,78,0.3573,125.5281
23697,"Julio Rodríguez",2023,714,0.2752,32,103,0.3475,128.418
26288,"Adley Rutschman",2023,687,0.2772,20,80,0.3516,126.8331
12916,"Francisco Lindor",2023,687,0.2542,31,98,0.3455,120.1551
25878,"Corbin Carroll",2023,645,0.285,25,76,0.3703,132.5151
18360,"Austin Riley",2023,715,0.2814,37,97,0.3627,127.9605
16578,"Yandy Díaz",2023,600,0.3295,22,78,0.4017,163.2357
20043,"Luis Robert Jr.",2023,595,0.2637,38,80,0.3581,128.925
19352,"Sean Murphy",2023,438,0.2514,21,68,0.3662,130.2678
18345,"Kyle Tucker",2023,674,0.284,29,112,0.372,139.3709
15491,"J.P. Crawford",2023,638,0.2659,19,65,0.359,136.4329
18314,"Dansby Swanson",2023,638,0.2442,22,80,0.3246,104.6535
23667,"Wander Franco",2023,491,0.2805,17,58,0.3489,126.5931
15640,"Aaron Judge",2023,458,0.267,37,75,0.4204,173.4659
26289,"Gunnar Henderson",2023,622,0.2554,28,82,0.3458,122.7497
19287,"Adolis García",2023,632,0.245,39,107,0.3542,127.8636
13510,"José Ramírez",2023,691,0.2815,24,80,0.3458,121.8702
12161,"Xander Bogaerts",2023,665,0.2852,19,58,0.3428,118.7571
21479,"Nico Hoerner",2023,688,0.2827,9,68,0.3221,102.9744
17678,"Alex Bregman",2023,724,0.2621,25,98,0.3512,124.9388
15998,"Cody Bellinger",2023,556,0.3066,26,97,0.3702,135.2134
21534,"Cal Raleigh",2023,569,0.232,30,75,0.3262,113.6696
13613,"Ketel Marte",2023,650,0.2759,25,82,0.3608,126.178
19556,"Yordan Alvarez",2023,496,0.2927,31,97,0.4155,169.5269
27506,"Ha-Seong Kim",2023,626,0.2602,17,60,0.33,110.1791
20036,"Isaac Paredes",2023,571,0.25,31,98,0.3623,135.9049
12927,"Brandon Nimmo",2023,682,0.2736,24,68,0.3588,129.0328
16252,"Trea Turner",2023,691,0.266,26,76,0.3332,107.0142
19522,"TJ Friedl",2023,556,0.2787,18,66,0.3527,116.8832
16556,"Ozzie Albies",2023,660,0.2802,33,109,0.3584,125.0405
26294,"Bryson Stott",2023,640,0.2803,15,62,0.3229,100.1449
5417,"Jose Altuve",2023,410,0.3111,17,51,0.393,153.9213
16930,"Jonah Heim",2023,501,0.2582,18,95,0.3239,106.868
19709,"Fernando Tatis Jr.",2023,635,0.2574,25,78,0.3317,111.3394
25931,"Michael Harris II",2023,539,0.2931,18,57,0.3447,115.8891
13419,"Christian Walker",2023,661,0.2577,33,103,0.351,119.6214
24770,"James Outman",2023,567,0.2484,23,70,0.3443,116.5776
19612,"Bo Bichette",2023,601,0.3065,20,73,0.3494,123.7753
19197,"Will Smith",2023,554,0.2608,19,76,0.3449,116.9892
20529,"Nolan Jones",2023,424,0.297,20,62,0.395,136.5884
19950,"Andrés Giménez",2023,616,0.2513,15,62,0.3091,96.4311
11477,"Christian Yelich",2023,632,0.2782,19,76,0.3534,122.9363
16997,"Gleyber Torres",2023,672,0.2735,25,68,0.3455,121.585
20202,"Brandon Marsh",2023,472,0.2772,12,60,0.3583,123.839
17350,"Rafael Devers",2023,656,0.2707,33,100,0.3592,125.6528
16426,"Thairo Estrada",2023,530,0.2707,14,49,0.3163,99.6671
12552,"Eugenio Suárez",2023,694,0.2324,22,96,0.3133,104.7356
11579,"Bryce Harper",2023,546,0.2932,21,72,0.3842,141.2441
9218,"Paul Goldschmidt",2023,687,0.2681,25,80,0.3502,122.1174
19953,"Josh Lowe",2023,501,0.2918,20,83,0.354,130.1678
15986,"Willy Adames",2023,638,0.217,24,80,0.3114,94.7613
11493,"Manny Machado",2023,601,0.2578,30,91,0.3339,112.7873
18568,"Luis Arraez",2023,617,0.3537,10,69,0.3689,131.2566
19599,"Chas McCormick",2023,457,0.273,22,70,0.362,132.4794
17919,"Ian Happ",2023,691,0.2483,21,84,0.3453,118.4846
18577,"Ke'Bryan Hayes",2023,525,0.2713,15,61,0.3242,100.7318
29695,"Matt McLain",2023,403,0.2904,16,50,0.3702,128.6402
10324,"Marcell Ozuna",2023,592,0.2736,40,100,0.3809,140.1763
13621,"Jeimer Candelario",2023,576,0.2515,22,70,0.3459,117.6356
21454,"Lars Nootbaar",2023,503,0.2606,14,46,0.3442,118.1204
19290,"Randy Arozarena",2023,654,0.2541,23,83,0.3466,125.0113
30116,"Seiya Suzuki",2023,583,0.2854,20,74,0.3585,127.3281
24610,"Steven Kwan",2023,718,0.268,5,54,0.313,99.1419
26121,"Francisco Alvarez",2023,423,0.2094,25,63,0.3097,96.1181
16505,"Matt Chapman",2023,581,0.2397,17,54,0.3284,109.1726
10155,"Mike Trout",2023,362,0.263,18,44,0.3678,134.7237
16939,"Lane Thomas",2023,682,0.2675,28,86,0.334,109.1708
18882,"Brandon Lowe",2023,436,0.2308,21,68,0.3339,116.2357
26299,"Josh Jung",2023,515,0.2657,23,70,0.3342,114.0121
19251,"Pete Alonso",2023,658,0.2165,46,118,0.3457,120.2778
19566,"Nathaniel Lowe",2023,724,0.2616,17,82,0.3403,118.2223
19363,"Austin Hays",2023,566,0.275,16,67,0.33,111.8332
11609,"Willson Contreras",2023,495,0.264,20,67,0.358,127.3593
9777,"Nolan Arenado",2023,612,0.2661,26,93,0.3273,106.7754
21636,"Jeremy Peña",2023,634,0.2634,10,52,0.3096,96.1372
11615,"Brandon Drury",2023,523,0.2619,26,83,0.3391,114.7955
29766,"Zack Gelof",2023,300,0.2667,14,32,0.357,132.1251
27478,"Patrick Bailey",2023,353,0.2331,7,48,0.2818,76.5196
12144,"Max Kepler",2023,491,0.2603,24,66,0.3484,121.6768
11038,"Kevin Kiermaier",2023,408,0.2649,8,36,0.32,103.3882
18839,"Josh Naylor",2023,495,0.3075,17,97,0.3535,127.2025
27534,"Edouard Julien",2023,408,0.2633,16,37,0.366,133.8472
17452,"Jose Siri",2023,364,0.2219,25,56,0.3186,105.6475
22244,"Jack Suwinski",2023,534,0.2237,26,74,0.3412,112.1499
14551,"Anthony Santander",2023,656,0.2572,28,95,0.3404,119.0603
19452,"Jake Rogers",2023,365,0.2205,21,49,0.3121,97.0485
18900,"Leody Taveras",2023,554,0.2661,14,67,0.3159,101.3495
13301,"Max Muncy",2023,579,0.2116,36,105,0.3443,116.5439
24617,"Jarren Duran",2023,362,0.2952,8,40,0.3536,121.7976
19470,"Tommy Edman",2023,528,0.2484,13,47,0.3056,92.23
17338,"Willi Castro",2023,409,0.257,9,34,0.3273,107.074
19354,"Luke Raley",2023,406,0.2493,19,49,0.3525,129.1366
23003,"Yainer Diaz",2023,377,0.2817,23,60,0.3535,126.584
13185,"Orlando Arcia",2023,533,0.2643,17,65,0.3213,100.201
15362,"Jeff McNeil",2023,648,0.2701,10,55,0.3142,99.1312
6184,"J.D. Martinez",2023,479,0.2708,33,103,0.3694,133.3679
22799,"Geraldo Perdomo",2023,495,0.2457,6,47,0.3191,98.1834
22263,"Nolan Gorman",2023,464,0.2365,27,76,0.3445,118.3368
5827,"Wilmer Flores",2023,454,0.284,23,60,0.368,134.3165
22664,"Gabriel Moreno",2023,380,0.2845,7,50,0.3246,101.926
22275,"Jake Burger",2023,540,0.25,34,80,0.349,120.5484
22581,"Alejandro Kirk",2023,422,0.25,8,43,0.3081,95.1328
24618,"Ryan Jeffers",2023,335,0.2762,14,43,0.3689,135.8947
25768,"CJ Abrams",2023,614,0.2451,18,64,0.3063,90.6052
25976,"Riley Greene",2023,416,0.2884,11,37,0.3443,119.3408
4940,"Jason Heyward",2023,377,0.2695,15,40,0.3477,118.8728
15161,"Mitch Garver",2023,344,0.2703,19,50,0.3742,141.7749
12037,"Jon Berti",2023,424,0.2938,7,33,0.3251,101.8747
22715,"Maikel Garcia",2023,515,0.2716,4,50,0.2987,84.9626
16219,"J.D. Davis",2023,546,0.2479,18,69,0.3212,102.9655
19326,"Bryan Reynolds",2023,640,0.2631,24,84,0.3376,109.7165
10264,"Brandon Belt",2023,404,0.2537,19,43,0.369,137.3602
19627,"Brent Rooker",2023,526,0.2462,30,69,0.3482,126.0869
23312,"Ryan Noda",2023,495,0.2291,16,54,0.3417,121.5526
26323,"Spencer Steer",2023,665,0.2715,23,86,0.3548,118.3234
11739,"J.T. Realmuto",2023,540,0.2515,20,63,0.324,100.8647
21853,"Will Benson",2023,329,0.2753,11,31,0.3694,128.0764
19238,"Lourdes Gurriel Jr.",2023,592,0.2613,24,82,0.3293,105.0759
27647,"Anthony Volpe",2023,601,0.2089,21,60,0.2902,83.2827
2967,"Tommy Pham",2023,481,0.2559,16,68,0.3321,109.2815
16535,"Danny Jansen",2023,301,0.2276,17,53,0.3363,114.668
20454,"Jazz Chisholm Jr.",2023,383,0.25,19,51,0.3252,101.9436
17929,"Cedric Mullins",2023,455,0.2327,15,74,0.3106,98.4199
19918,"Daulton Varsho",2023,581,0.2201,20,61,0.2926,84.352
13066,"Teoscar Hernández",2023,678,0.2576,26,93,0.3165,106.9618
11489,"Michael A. Taylor",2023,388,0.2197,21,51,0.3075,93.3586
26668,"Elly De La Cruz",2023,427,0.2345,13,44,0.3046,84.6259
25961,"Kerry Carpenter",2023,459,0.2775,20,64,0.3472,121.3345
14221,"Jorge Soler",2023,580,0.25,36,75,0.3607,125.7249
18126,"LaMonte Wade Jr.",2023,519,0.2564,17,45,0.3471,120.3328
19956,"Mickey Moniak",2023,323,0.2797,14,45,0.3391,114.7937
12856,"George Springer",2023,683,0.2577,21,72,0.3197,103.1661
16530,"Mauricio Dubón",2023,492,0.2784,10,46,0.3106,96.8006
15112,"Ryan McMahon",2023,627,0.2396,23,70,0.3249,89.6225
22514,"Triston Casas",2023,502,0.2634,24,65,0.3673,131.2871
11445,"Mark Canha",2023,507,0.2621,11,62,0.3328,110.6479
14854,"Mike Yastrzemski",2023,381,0.2333,15,43,0.3329,110.8066
14162,"Carlos Correa",2023,580,0.2296,18,65,0.3086,94.074
19858,"Luis Rengifo",2023,445,0.264,16,51,0.3388,114.6171
24064,"Ezequiel Tovar",2023,615,0.253,15,73,0.2985,71.8862
21558,"Matt Vierling",2023,530,0.261,10,44,0.3146,98.7552
15274,"Mike Tauchman",2023,401,0.2522,8,48,0.33,108.2519
18373,"Ryan Mountcastle",2023,470,0.2695,18,68,0.3333,114.093
18564,"Trent Grisham",2023,555,0.1983,13,50,0.2988,89.2864
18819,"Andy Ibáñez",2023,383,0.264,11,41,0.3204,102.8023
21897,"Christopher Morel",2023,429,0.2474,26,70,0.3472,119.7638
16442,"Ryan O'Hearn",2023,368,0.289,14,60,0.3392,118.2193
21523,"Jonathan India",2023,529,0.2445,17,61,0.3273,99.8582
10950,"Adam Duvall",2023,353,0.2469,21,58,0.3474,117.495
17027,"Alex Verdugo",2023,602,0.2637,13,54,0.3219,99.7923
2396,"Carlos Santana",2023,619,0.24,23,86,0.3233,101.0953
22558,"Jarred Kelenic",2023,416,0.2527,11,49,0.3208,109.9447
24679,"Brendan Donovan",2023,371,0.2844,11,34,0.3446,118.4031
16572,"Connor Joe",2023,472,0.247,11,42,0.3324,106.2501
17548,"Taylor Ward",2023,409,0.2528,14,47,0.329,107.8349
14387,"Harold Ramírez",2023,434,0.3125,12,68,0.3495,127.0256
19913,"Jesús Sánchez",2023,402,0.2528,14,52,0.334,107.8112
14813,"Kyle Farmer",2023,369,0.256,11,46,0.3157,98.9826
21618,"Alec Bohm",2023,611,0.2742,20,97,0.3292,104.3686
23733,"Ezequiel Duran",2023,439,0.2759,14,46,0.3301,111.1909
13152,"Jorge Polanco",2023,343,0.255,14,48,0.3401,115.9409
27465,"Spencer Torkelson",2023,684,0.2327,31,94,0.3257,106.4619
9847,"Andrew McCutchen",2023,473,0.2564,12,43,0.3453,114.8771
12155,"Eddie Rosario",2023,516,0.2552,21,74,0.3223,100.832
11737,"Nick Castellanos",2023,671,0.2716,29,106,0.3346,107.989
9874,"DJ LeMahieu",2023,562,0.2435,15,44,0.3146,100.1365
17982,"Ty France",2023,665,0.2504,12,58,0.3148,105.7973
13757,"Chris Taylor",2023,384,0.2367,15,56,0.3235,102.6275
8709,"Elvis Andrus",2023,406,0.2513,6,44,0.2901,81.7804
21780,"Esteury Ruiz",2023,497,0.2539,5,47,0.2895,85.3723
11281,"Whit Merrifield",2023,592,0.2724,11,67,0.3041,92.3598
5235,"Justin Turner",2023,626,0.276,23,96,0.3457,116.2864
19611,"Vladimir Guerrero Jr.",2023,682,0.2641,26,94,0.3397,117.05
21614,"Kyle Isbel",2023,313,0.2397,5,34,0.2861,76.1979
17232,"Yoán Moncada",2023,357,0.2605,11,40,0.3148,98.9232
19260,"Jake Fraley",2023,380,0.256,15,65,0.3385,107.3398
31347,"Zach Neto",2023,329,0.2249,9,34,0.3022,89.2522
19392,"Zach McKinstry",2023,518,0.2306,9,35,0.289,80.9939
8623,"Donovan Solano",2023,450,0.2817,5,38,0.3378,114.3363
20308,"Jake Meyers",2023,341,0.2265,10,33,0.2967,87.2088
17128,"Ramón Laureano",2023,404,0.2244,9,35,0.2978,90.149
17022,"Edmundo Sosa",2023,300,0.2509,10,30,0.3094,91.0727
27475,"Jordan Walker",2023,465,0.2762,16,51,0.3412,116.1154
9627,"Yan Gomes",2023,419,0.267,10,63,0.3117,95.9746
19734,"Josh Rojas",2023,350,0.2452,4,40,0.2835,78.2067
27690,"Joey Wiemer",2023,410,0.2044,13,42,0.2837,76.1903
24655,"Owen Miller",2023,314,0.2612,5,27,0.292,81.781
20505,"Drew Waters",2023,337,0.2285,8,32,0.2958,82.9406
5297,"Aaron Hicks",2023,312,0.2528,8,36,0.3262,109.0313
19252,"Cavan Biggio",2023,338,0.2353,9,40,0.3176,101.7294
16478,"Kyle Schwarber",2023,720,0.1966,47,104,0.3501,118.3654
18030,"Harrison Bader",2023,344,0.232,7,40,0.2708,69.1791
9774,"Christian Vázquez",2023,355,0.2232,6,32,0.2642,63.3444
3473,"Anthony Rizzo",2023,421,0.244,12,41,0.3124,98.6214
7859,"Charlie Blackmon",2023,413,0.2786,8,40,0.3498,106.2674
16376,"Michael Conforto",2023,470,0.2389,15,58,0.3147,98.6154
18036,"Jake Cronenworth",2023,522,0.2293,10,48,0.3011,90.7891
31837,"Masataka Yoshida",2023,580,0.2886,15,72,0.3385,111.3358
22458,"Taylor Walls",2023,349,0.2013,8,36,0.287,83.6828
14128,"Joey Gallo",2023,332,0.1773,21,40,0.3196,101.6893
11899,"Joc Pederson",2023,425,0.2346,15,51,0.3309,109.448
18795,"Ramón Urías",2023,396,0.2639,4,42,0.3104,98.2682
25816,"Shea Langeliers",2023,490,0.2054,22,63,0.2903,85.9206
22168,"Akil Baddoo",2023,357,0.2179,11,34,0.2991,87.9902
12979,"Javier Báez",2023,547,0.2216,9,59,0.2606,61.3536
13602,"Patrick Wisdom",2023,302,0.2052,23,46,0.333,110.282
17273,"Jorge Mateo",2023,350,0.217,7,34,0.2652,66.8832
10243,"Randal Grichuk",2023,471,0.2673,16,44,0.3327,101.35
21538,"Nick Fortes",2023,323,0.2041,6,26,0.2506,51.9639
17484,"Eloy Jiménez",2023,489,0.2719,18,64,0.3247,105.7744
7802,"Miguel Rojas",2023,423,0.2364,5,31,0.271,67.4625
19455,"Andruw Monasterio",2023,315,0.2589,3,27,0.3022,88.6012
19296,"Alex Call",2023,439,0.2,8,38,0.2801,73.0864
20325,"Alex Kirilloff",2023,319,0.2705,11,41,0.3428,117.8247
16512,"Isiah Kiner-Falefa",2023,361,0.2423,6,37,0.2865,80.6723
14161,"Byron Buxton",2023,347,0.2072,17,42,0.3112,95.8872
18015,"Paul DeJong",2023,400,0.207,14,38,0.2665,65.5726
19698,"Edward Olivares",2023,385,0.2627,12,36,0.3289,105.8434
22563,"Gabriel Arias",2023,345,0.2095,10,26,0.2756,73.2073
20391,"Luis García Jr.",2023,482,0.2662,9,50,0.2968,84.2386
14712,"Manuel Margot",2023,336,0.2637,4,38,0.2993,92.2225
27684,"Michael Massey",2023,461,0.229,15,55,0.2828,73.942
19318,"Matt Thaiss",2023,307,0.2137,9,31,0.2954,84.5213
5254,"Robbie Grossman",2023,420,0.238,10,49,0.3225,105.9365
15464,"Hunter Renfroe",2023,548,0.2329,20,60,0.308,92.9487
26197,"Andrew Vaughn",2023,615,0.258,21,80,0.3214,103.4572
25479,"Brenton Doyle",2023,431,0.203,10,48,0.2573,44.2823
10028,"Christian Bethancourt",2023,332,0.2254,11,33,0.2714,72.8809
15223,"Adam Frazier",2023,455,0.2403,13,60,0.3024,92.7061
13145,"Josh Bell",2023,617,0.2468,22,74,0.3227,103.6858
20311,"Corey Julks",2023,323,0.245,6,33,0.2856,79.4964
15279,"Garrett Cooper",2023,457,0.2512,17,61,0.3125,94.9133
23792,"Alek Thomas",2023,402,0.2299,9,39,0.2782,70.7773
15518,"Amed Rosario",2023,545,0.2627,6,58,0.297,87.2033
26368,"JJ Bleday",2023,303,0.1953,10,27,0.297,90.5769
22197,"MJ Melendez",2023,602,0.2345,16,56,0.3102,92.8848
25805,"Blake Sabol",2023,344,0.2355,13,44,0.3031,90.8433
5343,"Brandon Crawford",2023,320,0.1943,7,38,0.2602,62.0541
18289,"Brian Anderson",2023,361,0.2264,9,40,0.2991,86.5372
12325,"Jace Peterson",2023,430,0.2112,6,37,0.2747,73.5862
19896,"Connor Wong",2023,403,0.2345,9,36,0.2924,79.3446
17620,"Myles Straw",2023,518,0.2381,1,29,0.2684,68.2234
14130,"Daniel Vogelbach",2023,319,0.2327,13,48,0.3268,107.6267
21622,"Jake McCarthy",2023,312,0.2428,2,16,0.2891,78.1264
11368,"Yasmani Grandal",2023,405,0.2342,8,33,0.2879,80.2389
20178,"Miguel Vargas",2023,304,0.1953,7,32,0.295,83.5221
11680,"Elias Díaz",2023,526,0.2675,14,72,0.3142,82.4143
25660,"Will Brennan",2023,455,0.2662,5,41,0.2851,79.7571
15653,"Dominic Smith",2023,586,0.2543,12,46,0.3064,90.7054
23818,"Jihwan Bae",2023,371,0.2305,2,32,0.2719,65.6451
14894,"Tony Kemp",2023,419,0.2089,5,27,0.2756,75.7019
22186,"Brice Turang",2023,448,0.2178,6,34,0.2617,61.416
15172,"Tim Anderson",2023,524,0.2454,1,25,0.2596,60.6655
7304,"Salvador Perez",2023,580,0.2546,23,80,0.3021,87.259
9241,"Starling Marte",2023,341,0.2476,5,28,0.2778,74.7696
14366,"Joey Meneses",2023,657,0.275,13,89,0.3145,96.099
2136,"David Peralta",2023,422,0.2589,7,55,0.2904,80.4446
22277,"Nick Allen",2023,329,0.2211,4,20,0.2446,54.2125
19600,"Bryan De La Cruz",2023,626,0.2573,19,78,0.3087,90.8743
17901,"Andrew Benintendi",2023,621,0.2616,5,45,0.299,87.9373
19198,"Yuli Gurriel",2023,329,0.245,4,27,0.2868,76.1712
18171,"Seth Brown",2023,378,0.2216,14,52,0.2978,91.092
15937,"Aledmys Díaz",2023,344,0.2286,4,24,0.2682,70.6122
4892,"Mike Moustakas",2023,386,0.2472,12,48,0.2939,77.9965
19293,"Nick Senzel",2023,330,0.2359,13,42,0.302,82.9251
26123,"Brett Baty",2023,389,0.2125,9,34,0.2656,66.563
15676,"José Abreu",2023,594,0.237,18,90,0.2952,86.1317
19610,"Keibert Ruiz",2023,562,0.26,18,67,0.3104,93.3435
17988,"Tyler Stephenson",2023,517,0.243,13,56,0.3051,84.9751
4949,"Giancarlo Stanton",2023,415,0.1914,24,60,0.2965,87.6347
27615,"Alec Burleson",2023,347,0.2444,8,36,0.3004,88.7325
22117,"Nick Pratto",2023,345,0.232,7,35,0.2923,80.468
15679,"Rowdy Tellez",2023,351,0.2154,13,47,0.2883,79.2668
1744,"Miguel Cabrera",2023,370,0.2575,4,34,0.299,87.9562
13853,"Joey Wendle",2023,318,0.2121,2,20,0.2418,46.0631
21707,"Oswaldo Cabrera",2023,330,0.2114,5,29,0.2556,59.2857
6153,"Eduardo Escobar",2023,309,0.2257,6,31,0.2669,65.6282
6887,"Martín Maldonado",2023,407,0.1906,15,36,0.2661,65.9809
20543,"Elehuris Montero",2023,307,0.243,11,39,0.3065,77.2543
10472,"Enrique Hernández",2023,508,0.2366,11,61,0.2818,72.7837
15429,"Kris Bryant",2023,335,0.2333,10,31,0.3019,74.1909
5933,"Jean Segura",2023,326,0.2193,3,21,0.2496,51.2358
19901,"Gavin Sheets",2023,344,0.2026,10,43,0.261,61.5737
10815,"Jurickson Profar",2023,521,0.2418,9,46,0.3045,77.5205
15640,"Aaron Judge",2024,704,0.322,58,144,0.4757,218.6559
25764,"Bobby Witt Jr.",2024,709,0.3318,32,109,0.4097,169.0945
19755,"Shohei Ohtani",2024,731,0.3097,54,130,0.4305,179.4366
20123,"Juan Soto",2024,713,0.2882,41,109,0.4206,179.8629
26289,"Gunnar Henderson",2024,719,0.281,37,92,0.3815,154.4756
12916,"Francisco Lindor",2024,689,0.2735,33,91,0.3629,135.7014
24617,"Jarren Duran",2024,735,0.2846,21,75,0.3569,132.2568
26668,"Elly De La Cruz",2024,696,0.2589,25,76,0.3486,122.2051
13613,"Ketel Marte",2024,583,0.2917,36,95,0.391,152.3069
13510,"José Ramírez",2024,682,0.279,39,118,0.3643,140.5808
20503,"William Contreras",2024,679,0.2807,23,92,0.3587,131.8467
16505,"Matt Chapman",2024,647,0.247,27,78,0.3401,121.0905
21534,"Cal Raleigh",2024,628,0.2198,34,100,0.3226,117.5292
29490,"Jackson Merrill",2024,593,0.2924,24,90,0.3515,129.9695
19611,"Vladimir Guerrero Jr.",2024,697,0.3231,30,103,0.3979,164.3634
19556,"Yordan Alvarez",2024,635,0.308,35,86,0.4016,167.6542
19627,"Brent Rooker",2024,614,0.293,39,112,0.3922,163.6314
11579,"Bryce Harper",2024,631,0.2855,30,87,0.3802,142.1453
15986,"Willy Adames",2024,688,0.2508,32,112,0.3419,120.5423
10324,"Marcell Ozuna",2024,688,0.302,39,104,0.3945,154.8746
13624,"Corey Seager",2024,533,0.2779,30,74,0.3647,142.5266
25878,"Corbin Carroll",2024,684,0.2309,22,74,0.3249,107.7906
10815,"Jurickson Profar",2024,668,0.2801,24,85,0.3653,139.25
27478,"Patrick Bailey",2024,448,0.2344,8,46,0.2814,81.5366
12533,"Marcus Semien",2024,718,0.2369,23,74,0.3059,101.179
13611,"Mookie Betts",2024,516,0.2889,19,75,0.371,139.335
17350,"Rafael Devers",2024,601,0.2724,28,83,0.364,137.2936
18314,"Dansby Swanson",2024,593,0.2416,16,66,0.3066,97.819
14162,"Carlos Correa",2024,367,0.3103,14,54,0.3853,154.6177
18345,"Kyle Tucker",2024,339,0.2888,23,49,0.4189,179.8207
17678,"Alex Bregman",2024,634,0.2599,26,75,0.3307,117.7935
24610,"Steven Kwan",2024,540,0.2917,14,44,0.3494,130.1507
20454,"Jazz Chisholm Jr.",2024,621,0.2562,24,73,0.3273,110.5012
29591,"Colton Cowser",2024,561,0.2425,24,69,0.3315,119.2995
28806,"Jackson Chourio",2024,573,0.2746,21,79,0.3385,118.2659
5361,"Freddie Freeman",2024,638,0.2823,22,89,0.3654,135.5578
12552,"Eugenio Suárez",2024,640,0.2557,30,101,0.3373,116.1601
23697,"Julio Rodríguez",2024,613,0.2734,20,68,0.3206,116.1132
5417,"Jose Altuve",2024,682,0.2946,20,65,0.3442,127.3131
25976,"Riley Greene",2024,584,0.2617,24,74,0.3554,133.2161
21479,"Nico Hoerner",2024,641,0.2732,7,48,0.3131,102.2273
16252,"Trea Turner",2024,539,0.295,21,62,0.3491,121.1789
24064,"Ezequiel Tovar",2024,695,0.2687,26,78,0.3244,95.3711
14161,"Byron Buxton",2024,388,0.2789,18,56,0.3657,140.8085
31347,"Zach Neto",2024,602,0.2491,23,77,0.33,116.8328
17919,"Ian Happ",2024,657,0.2425,25,86,0.341,121.0234
25479,"Brenton Doyle",2024,603,0.2601,23,72,0.328,97.7749
27479,"Masyn Winn",2024,637,0.2675,15,57,0.3155,103.4532
11493,"Manny Machado",2024,643,0.2749,29,105,0.3397,121.9982
21711,"Oneil Cruz",2024,599,0.2588,21,76,0.331,109.2537
30116,"Seiya Suzuki",2024,585,0.2832,21,73,0.3649,137.0612
27562,"Austin Wells",2024,414,0.2288,13,55,0.3148,105.4456
27647,"Anthony Volpe",2024,689,0.2433,12,60,0.2874,86.1444
13066,"Teoscar Hernández",2024,652,0.2716,33,99,0.3598,131.8445
21618,"Alec Bohm",2024,606,0.2798,15,97,0.3353,111.899
20036,"Isaac Paredes",2024,641,0.238,19,80,0.3274,116.4767
19709,"Fernando Tatis Jr.",2024,438,0.2764,21,49,0.3588,134.8606
7304,"Salvador Perez",2024,652,0.2712,27,104,0.335,116.5388
17988,"Tyler Stephenson",2024,515,0.2582,19,66,0.3394,115.955
14551,"Anthony Santander",2024,665,0.2353,44,102,0.3452,128.9482
25493,"Joey Ortiz",2024,511,0.2386,11,60,0.3187,104.9149
16478,"Kyle Schwarber",2024,692,0.2478,38,104,0.3658,132.4468
26368,"JJ Bleday",2024,642,0.243,20,60,0.3302,120.0438
9777,"Nolan Arenado",2024,635,0.2716,16,71,0.3137,102.2251
19918,"Daulton Varsho",2024,513,0.2135,18,58,0.3043,98.5126
21523,"Jonathan India",2024,637,0.2477,15,58,0.3334,111.9225
24679,"Brendan Donovan",2024,652,0.2777,14,73,0.3322,114.7297
23772,"Wilyer Abreu",2024,447,0.2531,15,58,0.3356,117.2978
22542,"Lawrence Butler",2024,451,0.2621,22,57,0.3446,130.1371
13419,"Christian Walker",2024,552,0.2505,26,84,0.3434,120.3013
33333,"Wyatt Langford",2024,557,0.2525,16,74,0.3211,111.8866
11899,"Joc Pederson",2024,449,0.2752,23,64,0.391,152.331
11477,"Christian Yelich",2024,315,0.3148,11,42,0.3914,153.8247
21622,"Jake McCarthy",2024,495,0.2851,8,56,0.3292,110.7384
26208,"Tyler Fitzgerald",2024,341,0.2803,15,34,0.3567,132.2677
23003,"Yainer Diaz",2024,619,0.2991,16,84,0.3288,116.4674
17548,"Taylor Ward",2024,663,0.2462,25,75,0.3254,113.6148
26396,"Josh Smith",2024,592,0.2581,13,62,0.3227,113.0181
19566,"Nathaniel Lowe",2024,565,0.2654,16,69,0.3373,123.2558
2396,"Carlos Santana",2024,594,0.238,23,71,0.3265,113.2183
17338,"Willi Castro",2024,635,0.2473,12,60,0.3171,106.6576
20391,"Luis García Jr.",2024,528,0.282,18,70,0.3281,108.4575
22184,"Mark Vientos",2024,454,0.2663,27,71,0.356,131.0662
21636,"Jeremy Peña",2024,650,0.2658,15,70,0.3051,99.753
7802,"Miguel Rojas",2024,337,0.2834,6,36,0.327,109.7595
26288,"Adley Rutschman",2024,638,0.2504,19,79,0.3089,103.4337
22581,"Alejandro Kirk",2024,386,0.2529,5,54,0.297,93.3634
27815,"Jordan Westburg",2024,447,0.2644,18,63,0.3396,125.0005
19950,"Andrés Giménez",2024,633,0.2521,9,63,0.2815,82.3527
12927,"Brandon Nimmo",2024,663,0.2242,23,90,0.3205,107.1819
27506,"Ha-Seong Kim",2024,470,0.2333,11,47,0.3084,100.9386
11609,"Willson Contreras",2024,358,0.2625,15,36,0.3702,140.2696
14344,"Matt Olson",2024,685,0.2467,29,98,0.3395,117.8208
27769,"Pete Crow-Armstrong",2024,410,0.2366,10,47,0.2894,86.2947
15711,"Tyler O'Neill",2024,473,0.2409,31,61,0.3597,134.2246
19197,"Will Smith",2024,544,0.2479,20,75,0.3258,108.9008
22186,"Brice Turang",2024,619,0.254,7,57,0.2942,88.4373
22664,"Gabriel Moreno",2024,351,0.2656,5,45,0.3248,107.7522
29931,"Jacob Young",2024,521,0.2564,3,36,0.2896,82.5268
19608,"Otto Lopez",2024,434,0.2705,6,39,0.3024,91.8395
18360,"Austin Riley",2024,469,0.2565,19,56,0.338,116.8174
18042,"Dylan Moore",2024,441,0.2011,10,42,0.3058,105.7395
22515,"Heliot Ramos",2024,518,0.2695,22,72,0.3388,120.1776
21558,"Matt Vierling",2024,567,0.2568,16,57,0.3174,106.4999
19354,"Luke Raley",2024,455,0.2426,22,58,0.3391,129.156
24729,"Logan O'Hoppe",2024,522,0.2443,20,56,0.3111,103.5454
22266,"Xavier Edwards",2024,303,0.3283,1,26,0.3586,129.661
18882,"Brandon Lowe",2024,425,0.2442,21,58,0.3347,123.2743
26319,"Michael Busch",2024,567,0.248,21,65,0.3365,117.9372
18839,"Josh Naylor",2024,633,0.2433,31,108,0.3316,117.5958
19238,"Lourdes Gurriel Jr.",2024,553,0.2788,18,75,0.3267,109.0311
20202,"Brandon Marsh",2024,476,0.2488,16,60,0.3258,105.501
19452,"Jake Rogers",2024,337,0.1968,10,36,0.2642,69.0594
17929,"Cedric Mullins",2024,499,0.2342,18,54,0.3103,104.4115
20352,"Ernie Clement",2024,452,0.2627,12,51,0.2974,93.6783
15998,"Cody Bellinger",2024,569,0.2655,18,78,0.3218,108.0822
18036,"Jake Cronenworth",2024,656,0.2409,17,83,0.3149,105.32
22799,"Geraldo Perdomo",2024,388,0.273,3,37,0.3172,102.6012
19326,"Bryan Reynolds",2024,692,0.2749,24,88,0.3427,117.1478
12161,"Xander Bogaerts",2024,463,0.264,11,44,0.2998,95.149
16512,"Isiah Kiner-Falefa",2024,496,0.2688,8,43,0.2988,92.2948
25931,"Michael Harris II",2024,470,0.2636,16,48,0.312,99.3757
15112,"Ryan McMahon",2024,645,0.2416,20,65,0.3154,89.3094
20308,"Jake Meyers",2024,513,0.2191,13,61,0.2846,85.3495
19251,"Pete Alonso",2024,695,0.2401,34,88,0.3399,120.1987
19290,"Randy Arozarena",2024,648,0.2186,20,60,0.3204,114.2399
25816,"Shea Langeliers",2024,534,0.2241,29,80,0.3152,109.4924
21840,"Freddy Fermin",2024,368,0.2714,6,36,0.3004,92.1798
16578,"Yandy Díaz",2024,621,0.2806,14,65,0.3305,120.3447
23401,"José Caballero",2024,483,0.2268,9,44,0.2771,82.7649
11739,"J.T. Realmuto",2024,413,0.2658,14,47,0.3261,105.698
19734,"Josh Rojas",2024,476,0.2251,8,31,0.2855,91.485
7739,"Travis d'Arnaud",2024,341,0.2378,15,48,0.3188,103.9152
26477,"Spencer Horwitz",2024,381,0.2652,12,40,0.3441,126.5231
26121,"Francisco Alvarez",2024,342,0.237,11,47,0.3098,99.9891
17452,"Jose Siri",2024,448,0.1866,18,47,0.2708,78.3139
18015,"Paul DeJong",2024,482,0.227,24,56,0.3024,96.1708
26323,"Spencer Steer",2024,656,0.2247,20,92,0.3165,100.5535
13620,"Carson Kelly",2024,313,0.2384,9,37,0.3041,98.1473
14854,"Mike Yastrzemski",2024,474,0.2313,18,57,0.3188,106.7222
16997,"Gleyber Torres",2024,665,0.2572,15,63,0.3127,103.9553
27531,"David Hamilton",2024,317,0.2483,8,28,0.3048,95.6588
21454,"Lars Nootbaar",2024,405,0.2443,12,45,0.3308,113.7442
24934,"David Fry",2024,392,0.2627,14,51,0.3472,128.5837
25768,"CJ Abrams",2024,602,0.2458,20,65,0.3222,104.4968
27899,"Colt Keith",2024,556,0.2597,13,61,0.3008,94.7909
26294,"Bryson Stott",2024,571,0.2451,11,57,0.2959,85.4057
15491,"J.P. Crawford",2024,451,0.2015,9,37,0.2832,89.8055
19913,"Jesús Sánchez",2024,537,0.2515,18,64,0.317,101.6245
16442,"Ryan O'Hearn",2024,494,0.2641,15,59,0.3301,118.3212
19921,"Blake Perkins",2024,434,0.2402,6,43,0.2882,84.3943
24618,"Ryan Jeffers",2024,465,0.2257,21,64,0.3165,106.2251
19858,"Luis Rengifo",2024,304,0.3004,6,30,0.3347,120.168
21865,"Bo Naylor",2024,389,0.2006,13,39,0.2686,73.2517
27684,"Michael Massey",2024,356,0.259,14,45,0.3165,103.5377
29622,"Sal Frelick",2024,524,0.2589,2,32,0.2921,86.9712
27676,"Vinnie Pasquantino",2024,554,0.2621,19,97,0.3246,109.192
21614,"Kyle Isbel",2024,426,0.2292,8,42,0.2862,82.2301
18373,"Ryan Mountcastle",2024,507,0.2706,13,63,0.3155,108.0863
21501,"Trevor Larnach",2024,400,0.2592,15,52,0.3359,119.8388
19955,"Gavin Lux",2024,487,0.2506,10,50,0.3096,98.0518
29766,"Zack Gelof",2024,547,0.2113,17,49,0.2764,82.2007
17696,"Kevin Newman",2024,311,0.2778,3,28,0.2985,90.0242
13770,"Rob Refsnyder",2024,307,0.2831,11,40,0.3583,133.2779
22275,"Jake Burger",2024,579,0.2505,29,76,0.3254,107.3178
20287,"Ben Rortvedt",2024,328,0.2276,3,31,0.2831,86.9718
18126,"LaMonte Wade Jr.",2024,401,0.2598,8,34,0.3375,119.2871
16376,"Michael Conforto",2024,488,0.2374,20,66,0.3267,112.0428
16556,"Ozzie Albies",2024,435,0.2506,10,53,0.3071,96.0262
24488,"Max Schuemann",2024,459,0.2197,7,34,0.2809,85.3584
24589,"Richie Palacios",2024,316,0.2235,5,21,0.3028,100.8538
27490,"Nick Gonzales",2024,387,0.2702,7,49,0.3071,93.1399
16939,"Lane Thomas",2024,528,0.2373,15,63,0.3088,97.3295
13590,"Jesse Winker",2024,508,0.2535,14,58,0.3378,116.029
24816,"Andy Pages",2024,443,0.2481,13,46,0.3098,98.1781
22715,"Maikel Garcia",2024,626,0.2313,7,58,0.2701,70.8576
29518,"James Wood",2024,336,0.2644,9,41,0.3421,117.8312
19896,"Connor Wong",2024,487,0.2796,13,52,0.3302,113.4863
18900,"Leody Taveras",2024,529,0.2292,12,44,0.2821,84.4804
15362,"Jeff McNeil",2024,472,0.2382,12,44,0.3036,95.7678
18030,"Harrison Bader",2024,437,0.2363,12,51,0.2853,83.5004
18568,"Luis Arraez",2024,672,0.314,4,46,0.3228,109.518
20437,"Royce Lewis",2024,325,0.2329,16,47,0.3174,106.8601
5235,"Justin Turner",2024,539,0.2587,11,55,0.3266,116.3727
16530,"Mauricio Dubón",2024,428,0.2687,4,47,0.2863,86.5649
9218,"Paul Goldschmidt",2024,654,0.2454,22,65,0.3098,99.643
24262,"Ceddanne Rafaela",2024,571,0.2463,15,75,0.286,82.4355
14221,"Jorge Soler",2024,574,0.2414,21,64,0.3398,120.0065
19260,"Jake Fraley",2024,382,0.2771,5,26,0.314,98.8735
15274,"Mike Tauchman",2024,350,0.2483,7,29,0.3254,110.4603
22557,"Michael Siani",2024,334,0.2282,2,20,0.2568,63.9627
20538,"Jose F Miranda",2024,429,0.2843,9,49,0.3279,114.2226
13675,"Tyrone Taylor",2024,345,0.2476,7,35,0.3037,95.8485
24336,"Johan Rojas",2024,363,0.2426,3,32,0.2655,64.9108
12856,"George Springer",2024,614,0.2202,19,56,0.2983,94.3246
23690,"Brayan Rocchio",2024,442,0.2063,8,36,0.2759,78.3857
22857,"Wenceel Pérez",2024,425,0.2416,9,37,0.2988,93.3799
19953,"Josh Lowe",2024,387,0.2408,10,34,0.2987,97.9825
19392,"Zach McKinstry",2024,325,0.2155,4,23,0.2703,73.3412
12144,"Max Kepler",2024,399,0.2527,8,42,0.2981,93.2689
31837,"Masataka Yoshida",2024,421,0.2804,10,56,0.3365,117.9141
18795,"Ramón Urías",2024,301,0.2537,11,37,0.3253,114.9486
19339,"Nicky Lopez",2024,445,0.2412,1,21,0.2751,77.8561
21707,"Oswaldo Cabrera",2024,326,0.2475,8,36,0.2898,87.8371
17128,"Ramón Laureano",2024,309,0.2587,11,33,0.3241,108.0558
13185,"Orlando Arcia",2024,602,0.2178,17,46,0.2727,72.8831
26365,"Jonny DeLuca",2024,362,0.2169,6,31,0.2689,76.9746
33189,"Nolan Schanuel",2024,607,0.2505,13,54,0.3155,106.6443
17907,"Brendan Rodgers",2024,539,0.2675,13,54,0.3136,88.0965
11445,"Mark Canha",2024,462,0.2417,7,42,0.3098,101.0087
8623,"Donovan Solano",2024,309,0.2862,8,35,0.3331,117.5818
4949,"Giancarlo Stanton",2024,459,0.2326,27,72,0.3299,116.0714
9774,"Christian Vázquez",2024,315,0.2211,7,27,0.25,59.4744
12434,"Kevin Pillar",2024,314,0.2289,8,45,0.2925,90.4357
19844,"Abraham Toro",2024,364,0.2404,6,26,0.283,86.833
10681,"Gio Urshela",2024,461,0.25,9,52,0.2813,80.1583
21693,"Miguel Amaya",2024,363,0.2317,8,47,0.2831,82.0152
27615,"Alec Burleson",2024,595,0.2687,21,78,0.3186,105.5295
10472,"Enrique Hernández",2024,393,0.2293,12,42,0.2851,81.5528
21538,"Nick Fortes",2024,335,0.2273,4,29,0.2525,58.2317
20043,"Luis Robert Jr.",2024,425,0.2239,14,35,0.2853,84.974
16535,"Danny Jansen",2024,324,0.205,9,24,0.2943,90.5042
22558,"Jarred Kelenic",2024,449,0.2306,15,45,0.2942,87.338
9241,"Starling Marte",2024,370,0.2687,7,40,0.3131,102.1605
11680,"Elias Díaz",2024,351,0.2646,6,39,0.3025,81.7435
6184,"J.D. Martinez",2024,495,0.235,16,69,0.3185,105.7991
17027,"Alex Verdugo",2024,621,0.2326,13,61,0.2834,83.3789
16572,"Connor Joe",2024,416,0.228,9,36,0.305,91.711
25845,"Michael Toglia",2024,458,0.218,25,55,0.3292,98.6221
9847,"Andrew McCutchen",2024,515,0.2321,20,50,0.3245,104.8707
11281,"Whit Merrifield",2024,335,0.2218,4,15,0.2832,78.46
25660,"Will Brennan",2024,353,0.2636,8,30,0.3025,97.1507
15878,"Miguel Andujar",2024,319,0.2848,4,30,0.3058,102.8543
16426,"Thairo Estrada",2024,381,0.217,9,47,0.2563,64.6909
19522,"TJ Friedl",2024,341,0.2256,13,55,0.305,92.8147
11489,"Michael A. Taylor",2024,300,0.1933,5,21,0.2419,49.2699
25807,"Jared Triolo",2024,446,0.2157,9,46,0.2745,71.2288
19890,"Emmanuel Rivera",2024,302,0.2377,5,29,0.2913,86.6635
23565,"Davis Schneider",2024,454,0.1914,13,46,0.2775,79.6599
22532,"Tyler Freeman",2024,383,0.2091,7,32,0.2829,83.3593
22263,"Nolan Gorman",2024,402,0.2027,19,50,0.2905,86.6355
19612,"Bo Bichette",2024,336,0.2251,4,31,0.2636,69.9248
15653,"Dominic Smith",2024,307,0.2327,6,34,0.3056,96.0635
13152,"Jorge Polanco",2024,469,0.2134,16,45,0.2871,92.5565
15518,"Amed Rosario",2024,346,0.2801,3,32,0.2989,96.8577
16472,"Rhys Hoskins",2024,517,0.2138,26,82,0.3134,101.36
20220,"Jo Adell",2024,451,0.2074,20,62,0.296,92.9424
19956,"Mickey Moniak",2024,418,0.2194,14,49,0.2806,82.1016
19997,"Santiago Espinal",2024,391,0.2465,9,45,0.2846,79.1124
22896,"Lenyn Sosa",2024,369,0.2536,8,35,0.2798,81.1222
11737,"Nick Castellanos",2024,659,0.2541,23,86,0.3208,102.1253
15194,"Jake Bauers",2024,346,0.1987,12,43,0.2941,88.3714
7859,"Charlie Blackmon",2024,499,0.2561,12,52,0.3229,94.3445
15464,"Hunter Renfroe",2024,424,0.2286,15,52,0.302,93.3413
18577,"Ke'Bryan Hayes",2024,396,0.2329,4,25,0.2557,58.5808
27465,"Spencer Torkelson",2024,381,0.2193,10,37,0.2946,90.4823
27534,"Edouard Julien",2024,301,0.1992,8,21,0.2778,78.9788
16930,"Jonah Heim",2024,491,0.22,13,59,0.2652,72.564
13324,"Ildemaro Vargas",2024,303,0.2463,1,30,0.2709,69.9623
2967,"Tommy Pham",2024,478,0.2477,9,39,0.2966,91.8691
13145,"Josh Bell",2024,603,0.2491,19,71,0.3168,101.8393
13621,"Jeimer Candelario",2024,463,0.2248,20,56,0.3035,91.8363
10441,"Jon Singleton",2024,405,0.2338,13,42,0.3119,104.5456
19287,"Adolis García",2024,637,0.2241,25,85,0.2958,94.0916
26197,"Andrew Vaughn",2024,619,0.2456,19,70,0.3038,97.9859
17901,"Andrew Benintendi",2024,522,0.2285,20,64,0.2979,93.8615
14712,"Manuel Margot",2024,343,0.2381,4,31,0.2762,77.9051
3473,"Anthony Rizzo",2024,375,0.2285,8,35,0.2848,84.3416
22197,"MJ Melendez",2024,451,0.2063,17,44,0.292,86.244
14477,"Jake Cave",2024,346,0.2508,7,37,0.2952,75.6819
25543,"Korey Lee",2024,394,0.2095,12,37,0.2571,65.1892
18171,"Seth Brown",2024,400,0.2312,14,44,0.2891,91.1455
15161,"Mitch Garver",2024,430,0.1717,15,51,0.2813,88.5163
19610,"Keibert Ruiz",2024,485,0.2288,13,57,0.2685,68.3121
21853,"Will Benson",2024,388,0.1866,14,43,0.285,79.3464
15679,"Rowdy Tellez",2024,421,0.2428,13,56,0.3009,89.0084
14274,"Mitch Haniger",2024,423,0.2079,12,44,0.2769,85.4392
17982,"Ty France",2024,535,0.2338,13,51,0.2961,94.541
19901,"Gavin Sheets",2024,501,0.2328,10,45,0.2907,88.7821
17484,"Eloy Jiménez",2024,349,0.2377,6,23,0.2759,78.9595
21897,"Christopher Morel",2024,611,0.1963,21,60,0.2804,81.3835
10950,"Adam Duvall",2024,330,0.1815,11,30,0.2519,58.9222
14366,"Joey Meneses",2024,313,0.2313,3,42,0.2638,65.1414
19600,"Bryan De La Cruz",2024,622,0.2329,21,68,0.2826,78.0531
11615,"Brandon Drury",2024,360,0.1692,4,15,0.2166,37.108
12155,"Eddie Rosario",2024,319,0.1751,10,35,0.2304,43.0723
15640,"Aaron Judge",2025,679,0.3309,53,114,0.4628,203.3521
21534,"Cal Raleigh",2025,705,0.2466,60,125,0.392,161.0919
25764,"Bobby Witt Jr.",2025,687,0.2953,23,88,0.3603,129.6778
19755,"Shohei Ohtani",2025,727,0.2815,55,102,0.4178,172.0693
22799,"Geraldo Perdomo",2025,720,0.2898,20,100,0.3699,138.7149
25878,"Corbin Carroll",2025,642,0.2589,31,84,0.3715,139.8157
16252,"Trea Turner",2025,639,0.3039,15,69,0.3516,123.2021
13510,"José Ramírez",2025,673,0.2833,30,85,0.3596,132.6303
12916,"Francisco Lindor",2025,732,0.2671,31,86,0.3502,127.5746
19709,"Fernando Tatis Jr.",2025,691,0.2677,25,71,0.3532,131.6116
21636,"Jeremy Peña",2025,543,0.3043,17,62,0.3629,135.6939
23697,"Julio Rodríguez",2025,710,0.2669,32,95,0.341,125.9466
20123,"Juan Soto",2025,715,0.2634,43,105,0.3898,154.7345
22715,"Maikel Garcia",2025,666,0.2857,16,74,0.3469,120.4653
27769,"Pete Crow-Armstrong",2025,647,0.247,31,95,0.3234,109.2541
12856,"George Springer",2025,586,0.3092,32,84,0.4079,166.0032
14161,"Byron Buxton",2025,542,0.2643,35,83,0.3666,136.7018
26289,"Gunnar Henderson",2025,651,0.2738,17,68,0.3394,120.4502
21479,"Nico Hoerner",2025,649,0.2972,7,61,0.3241,109.7239
15998,"Cody Bellinger",2025,656,0.2721,29,98,0.3475,123.9285
16478,"Kyle Schwarber",2025,724,0.2401,56,132,0.3914,150.4744
14344,"Matt Olson",2025,724,0.2724,29,95,0.3663,136.4898
22581,"Alejandro Kirk",2025,506,0.2816,15,76,0.3345,115.425
13613,"Ketel Marte",2025,556,0.2833,28,72,0.3805,146.0145
28163,"Junior Caminero",2025,653,0.2641,45,110,0.3565,129.5504
26668,"Elly De La Cruz",2025,699,0.2639,22,86,0.3325,111.4997
18345,"Kyle Tucker",2025,597,0.266,22,73,0.3629,136.3129
22186,"Brice Turang",2025,659,0.2877,18,81,0.3463,123.8437
20454,"Jazz Chisholm Jr.",2025,531,0.2424,31,80,0.349,124.9881
35110,"Nick Kurtz",2025,489,0.2905,36,86,0.4189,165.0273
19197,"Will Smith",2025,436,0.2956,17,61,0.3892,152.491
33333,"Wyatt Langford",2025,573,0.2413,22,62,0.3372,118.784
15986,"Willy Adames",2025,686,0.225,30,87,0.3208,108.1472
27464,"Dillon Dingler",2025,469,0.2782,13,57,0.3261,108.4413
13624,"Corey Seager",2025,445,0.2711,21,50,0.3654,138.2653
24617,"Jarren Duran",2025,696,0.2565,16,84,0.335,112.6375
24816,"Andy Pages",2025,624,0.2719,27,86,0.3319,113.2207
26151,"Kyle Stowers",2025,457,0.2882,25,73,0.3862,149.0194
24262,"Ceddanne Rafaela",2025,587,0.2491,16,63,0.3065,92.9737
19611,"Vladimir Guerrero Jr.",2025,680,0.292,23,84,0.3656,136.902
5361,"Freddie Freeman",2025,627,0.295,24,90,0.3697,139.1243
12552,"Eugenio Suárez",2025,657,0.2279,49,118,0.3468,125.1697
19612,"Bo Bichette",2025,628,0.311,18,94,0.3609,133.6164
11493,"Manny Machado",2025,678,0.2748,27,95,0.3412,123.3544
16505,"Matt Chapman",2025,535,0.2313,21,61,0.3362,118.7349
20503,"William Contreras",2025,659,0.2597,17,76,0.3316,113.7527
17678,"Alex Bregman",2025,495,0.2725,18,62,0.3556,126.7897
25816,"Shea Langeliers",2025,523,0.2765,31,72,0.3638,127.0666
29622,"Sal Frelick",2025,594,0.2879,12,63,0.3323,114.2242
18401,"Ronald Acuña Jr.",2025,412,0.2899,21,42,0.4029,161.5093
26319,"Michael Busch",2025,592,0.2615,34,90,0.3686,140.2114
19251,"Pete Alonso",2025,709,0.2724,38,126,0.3683,140.0113
29715,"Hunter Goodman",2025,579,0.2778,31,91,0.3588,118.7522
27479,"Masyn Winn",2025,537,0.2525,9,51,0.2973,91.0299
17350,"Rafael Devers",2025,729,0.2521,35,109,0.3651,136.2485
13611,"Mookie Betts",2025,663,0.2581,20,82,0.3178,103.5797
18314,"Dansby Swanson",2025,645,0.2441,24,77,0.3095,99.7354
11579,"Bryce Harper",2025,580,0.2615,27,75,0.361,129.6406
31347,"Zach Neto",2025,554,0.257,26,62,0.3371,117.4922
27478,"Patrick Bailey",2025,452,0.2225,6,55,0.2654,70.2097
12161,"Xander Bogaerts",2025,552,0.2627,11,53,0.3132,104.1962
20352,"Ernie Clement",2025,588,0.2771,9,50,0.3083,97.4323
18839,"Josh Naylor",2025,604,0.2947,20,92,0.3507,128.0261
18030,"Harrison Bader",2025,501,0.2768,17,54,0.3464,121.5361
31539,"Drake Baldwin",2025,446,0.2741,19,80,0.3507,125.7502
12564,"Trevor Story",2025,654,0.2631,25,96,0.3203,102.4834
19392,"Zach McKinstry",2025,511,0.2588,12,49,0.333,113.1795
19522,"TJ Friedl",2025,685,0.2608,14,53,0.3326,111.5565
24610,"Steven Kwan",2025,693,0.272,11,56,0.3095,98.1011
18564,"Trent Grisham",2025,581,0.2348,34,74,0.3533,127.9187
29518,"James Wood",2025,689,0.2559,31,94,0.3528,125.4511
17548,"Taylor Ward",2025,663,0.228,36,103,0.3388,118.6253
33266,"Jacob Wilson",2025,523,0.3107,13,63,0.3479,116.0903
16442,"Ryan O'Hearn",2025,544,0.2806,17,63,0.3492,127.8222
29490,"Jackson Merrill",2025,483,0.2636,16,67,0.3312,116.5333
25768,"CJ Abrams",2025,635,0.2569,19,60,0.3237,105.4749
27562,"Austin Wells",2025,448,0.2195,21,71,0.3022,92.7568
27467,"Tyler Soderstrom",2025,624,0.2763,25,93,0.3535,119.9792
17128,"Ramón Laureano",2025,488,0.2812,24,76,0.3643,138.3349
29576,"Ben Rice",2025,530,0.2548,26,65,0.3585,131.4944
26294,"Bryson Stott",2025,560,0.2565,13,66,0.3152,98.2946
28806,"Jackson Chourio",2025,589,0.2696,21,78,0.3285,111.6262
18036,"Jake Cronenworth",2025,515,0.2458,11,59,0.3331,117.8274
13301,"Max Muncy",2025,388,0.2428,19,67,0.3661,136.636
16578,"Yandy Díaz",2025,651,0.3002,25,83,0.3643,134.905
12927,"Brandon Nimmo",2025,652,0.2624,25,92,0.3287,112.8871
19290,"Randy Arozarena",2025,709,0.2382,27,76,0.3323,119.9425
25976,"Riley Greene",2025,655,0.2583,36,111,0.3433,120.2736
15491,"J.P. Crawford",2025,654,0.2649,12,58,0.3224,113.1678
24679,"Brendan Donovan",2025,515,0.287,10,50,0.337,118.2036
17919,"Ian Happ",2025,663,0.2425,23,79,0.3334,116.1074
31812,"Roman Anthony",2025,303,0.2918,8,32,0.3764,141.1122
19722,"Carlos Narváez",2025,446,0.2407,15,50,0.3151,98.8787
11609,"Willson Contreras",2025,563,0.2571,20,80,0.3443,123.1701
22664,"Gabriel Moreno",2025,309,0.2852,9,40,0.3397,118.0203
13620,"Carson Kelly",2025,421,0.2493,17,50,0.3316,114.8728
29646,"Caleb Durbin",2025,506,0.2562,11,53,0.3193,105.3562
20599,"Iván Herrera",2025,452,0.2835,19,66,0.3646,137.0792
13152,"Jorge Polanco",2025,524,0.2654,26,78,0.3499,132.0665
14162,"Carlos Correa",2025,584,0.2756,13,52,0.3222,106.6839
30116,"Seiya Suzuki",2025,651,0.2452,32,103,0.3434,122.9252
25477,"Isaac Collins",2025,441,0.2634,9,54,0.3444,122.5508
21837,"Jonathan Aranda",2025,422,0.3162,14,59,0.3809,146.3436
22266,"Xavier Edwards",2025,619,0.2834,3,43,0.3084,95.7027
16997,"Gleyber Torres",2025,628,0.2556,16,74,0.3317,112.2579
23772,"Wilyer Abreu",2025,417,0.2466,22,69,0.3335,111.581
20036,"Isaac Paredes",2025,438,0.254,20,53,0.3525,128.5436
11477,"Christian Yelich",2025,644,0.2635,29,103,0.3432,121.6914
33824,"Jung Hoo Lee",2025,617,0.2661,8,55,0.32,107.6053
14854,"Mike Yastrzemski",2025,558,0.2327,17,46,0.3208,106.1983
20202,"Brandon Marsh",2025,425,0.2797,11,43,0.3392,114.7362
19608,"Otto Lopez",2025,594,0.2463,15,77,0.2948,86.4287
27465,"Spencer Torkelson",2025,649,0.2398,31,78,0.3386,117.0683
20308,"Jake Meyers",2025,381,0.2915,3,24,0.3226,107.9074
16530,"Mauricio Dubón",2025,398,0.2412,7,33,0.2828,80.4926
26123,"Brett Baty",2025,432,0.2545,18,50,0.3237,109.4142
24598,"Addison Barger",2025,502,0.2435,21,74,0.3217,106.6567
5417,"Jose Altuve",2025,654,0.2653,26,77,0.3314,113.9576
12533,"Marcus Semien",2025,534,0.2298,15,62,0.2948,89.6064
23401,"José Caballero",2025,370,0.2357,5,36,0.309,96.9681
24618,"Ryan Jeffers",2025,464,0.266,9,47,0.3331,113.6297
27615,"Alec Burleson",2025,546,0.2897,18,69,0.3456,124.0818
15362,"Jeff McNeil",2025,462,0.2431,12,54,0.3237,109.4517
19352,"Sean Murphy",2025,337,0.1993,16,45,0.3088,97.0708
19627,"Brent Rooker",2025,699,0.262,30,89,0.3488,116.6969
11739,"J.T. Realmuto",2025,550,0.257,12,52,0.3066,92.3919
15112,"Ryan McMahon",2025,586,0.2141,20,53,0.3061,86.704
10155,"Mike Trout",2025,556,0.2325,26,64,0.3432,121.6579
27815,"Jordan Westburg",2025,352,0.2652,17,41,0.3321,115.4095
26202,"Jake Mangum",2025,428,0.2963,3,40,0.3075,95.7631
18123,"Nathan Lukes",2025,438,0.2552,12,65,0.317,103.372
26396,"Josh Smith",2025,563,0.2505,10,35,0.3111,100.852
31349,"Victor Scott II",2025,463,0.2161,5,37,0.2741,75.1145
18882,"Brandon Lowe",2025,553,0.2564,31,83,0.3344,114.288
7802,"Miguel Rojas",2025,317,0.2621,7,27,0.3122,99.6814
26299,"Josh Jung",2025,511,0.251,14,61,0.298,91.7795
18360,"Austin Riley",2025,447,0.2596,16,54,0.3184,103.6738
22857,"Wenceel Pérez",2025,383,0.2442,13,43,0.3181,102.9128
26477,"Spencer Horwitz",2025,411,0.272,11,51,0.3435,117.9287
22542,"Lawrence Butler",2025,630,0.2337,21,63,0.3104,90.2366
21618,"Alec Bohm",2025,504,0.2866,11,59,0.3224,103.2192
23003,"Yainer Diaz",2025,567,0.2565,20,70,0.3002,92.4612
27899,"Colt Keith",2025,468,0.256,13,45,0.3255,108.0433
29695,"Matt McLain",2025,577,0.2196,15,50,0.2865,79.9606
25782,"Pedro Pagés",2025,389,0.2299,11,45,0.2756,76.1256
33189,"Nolan Schanuel",2025,564,0.2643,12,53,0.327,110.5389
21562,"Romy Gonzalez",2025,341,0.3048,9,53,0.3519,124.2185
21711,"Oneil Cruz",2025,544,0.1996,20,61,0.2948,84.5316
25961,"Kerry Carpenter",2025,464,0.2517,26,62,0.3345,114.2237
27676,"Vinnie Pasquantino",2025,682,0.2641,32,113,0.3398,115.5712
33322,"Matt Shaw",2025,437,0.2265,13,44,0.3001,93.2786
25807,"Jared Triolo",2025,376,0.2266,7,24,0.2958,85.2372
21865,"Bo Naylor",2025,414,0.195,14,47,0.2886,83.6828
20572,"Kody Clemens",2025,386,0.2126,19,52,0.3067,95.388
15274,"Mike Tauchman",2025,385,0.2627,9,40,0.3352,115.7392
12979,"Javier Báez",2025,437,0.2566,12,57,0.2934,85.8883
25931,"Michael Harris II",2025,641,0.2488,20,86,0.2887,83.2799
31580,"Chase Meidroth",2025,505,0.2533,5,23,0.2936,87.0764
19363,"Austin Hays",2025,416,0.2658,15,64,0.3267,107.5161
20178,"Miguel Vargas",2025,569,0.2341,16,60,0.3144,101.4332
22896,"Lenyn Sosa",2025,544,0.2645,22,75,0.3126,100.1802
18577,"Ke'Bryan Hayes",2025,570,0.2353,5,49,0.2659,65.0545
25493,"Joey Ortiz",2025,506,0.2298,7,45,0.2632,66.8801
26466,"Matt Wallner",2025,392,0.2024,22,40,0.3342,114.3855
16556,"Ozzie Albies",2025,667,0.2405,16,74,0.2945,87.3125
19901,"Gavin Sheets",2025,545,0.252,19,71,0.3231,110.9747
20220,"Jo Adell",2025,573,0.2357,37,98,0.3325,114.3471
29995,"Daylen Lile",2025,351,0.2991,9,41,0.3604,130.652
16535,"Danny Jansen",2025,337,0.2153,14,36,0.3181,103.3728
20043,"Luis Robert Jr.",2025,431,0.2225,14,53,0.2892,84.1074
31781,"Jackson Holliday",2025,649,0.2423,17,55,0.3043,96.2571
17929,"Cedric Mullins",2025,498,0.2161,17,59,0.3015,94.2689
25180,"Daniel Schneemann",2025,422,0.2058,12,41,0.2805,78.0843
10815,"Jurickson Profar",2025,371,0.2453,14,43,0.3461,122.6538
21524,"Joey Bart",2025,332,0.2491,4,30,0.3166,99.5017
10324,"Marcell Ozuna",2025,592,0.232,21,68,0.3341,114.3964
17988,"Tyler Stephenson",2025,342,0.2308,13,50,0.3193,102.4502
26288,"Adley Rutschman",2025,365,0.2205,9,29,0.2979,91.8875
19470,"Tommy Edman",2025,377,0.2254,13,49,0.2841,80.4632
13419,"Christian Walker",2025,640,0.2376,27,88,0.3104,99.4967
26323,"Spencer Steer",2025,568,0.2377,21,75,0.3158,100.0449
18795,"Ramón Urías",2025,391,0.2415,11,44,0.2918,87.4397
21614,"Kyle Isbel",2025,409,0.2554,4,33,0.287,79.163
29794,"Kyle Manzardo",2025,531,0.234,27,70,0.3294,111.8089
22515,"Heliot Ramos",2025,695,0.2565,21,69,0.3189,106.8447
26517,"Noelvi Marte",2025,360,0.2625,14,51,0.3212,103.7115
35108,"Cam Smith",2025,493,0.2358,9,51,0.2978,90.8497
19913,"Jesús Sánchez",2025,497,0.2373,14,48,0.3043,93.6974
22563,"Gabriel Arias",2025,471,0.2199,11,54,0.2776,76.1376
19950,"Andrés Giménez",2025,369,0.2097,7,35,0.2689,70.2846
29844,"Liam Hicks",2025,390,0.247,6,45,0.3127,98.6963
5517,"Kyle Higashioka",2025,327,0.2409,11,47,0.3005,93.5444
20437,"Royce Lewis",2025,403,0.2367,13,52,0.2915,84.9716
15878,"Miguel Andujar",2025,341,0.3178,10,44,0.3539,122.0193
19326,"Bryan Reynolds",2025,654,0.2453,16,73,0.3147,98.1493
21840,"Freddy Fermin",2025,347,0.2508,5,26,0.2804,77.4252
27647,"Anthony Volpe",2025,596,0.2115,19,72,0.2863,81.8096
31431,"Jordan Beck",2025,588,0.2579,16,53,0.319,91.4955
29931,"Jacob Young",2025,364,0.2315,2,31,0.264,64.6202
17982,"Ty France",2025,490,0.2568,7,52,0.3019,92.2627
18568,"Luis Arraez",2025,675,0.2919,8,61,0.3134,104.3623
16472,"Rhys Hoskins",2025,328,0.2366,12,43,0.3244,108.808
19296,"Alex Call",2025,322,0.2667,5,31,0.3315,111.404
14968,"Victor Caratini",2025,386,0.2587,12,46,0.3183,104.9587
24064,"Ezequiel Tovar",2025,390,0.2528,9,33,0.3005,78.8409
27490,"Nick Gonzales",2025,408,0.2598,5,30,0.2889,80.4775
9777,"Nolan Arenado",2025,436,0.2369,12,52,0.2866,83.6591
21454,"Lars Nootbaar",2025,583,0.2338,13,48,0.3042,95.6964
19238,"Lourdes Gurriel Jr.",2025,546,0.248,19,80,0.3066,95.3613
19287,"Adolis García",2025,547,0.2268,19,75,0.2858,83.4075
22277,"Nick Allen",2025,416,0.221,0,22,0.2452,53.4846
27577,"Casey Schmitt",2025,348,0.2372,12,40,0.3072,98.8454
31912,"Chandler Simpson",2025,441,0.2947,0,26,0.2962,87.982
28253,"Javier Sanoja",2025,342,0.2428,6,38,0.2944,86.1493
13675,"Tyrone Taylor",2025,341,0.2226,2,27,0.2644,68.7872
9218,"Paul Goldschmidt",2025,534,0.274,10,45,0.3161,102.3234
15223,"Adam Frazier",2025,459,0.2673,7,44,0.2997,87.9159
29591,"Colton Cowser",2025,360,0.1957,16,40,0.2853,83.2202
19956,"Mickey Moniak",2025,461,0.2696,24,68,0.3477,111.1534
16512,"Isiah Kiner-Falefa",2025,459,0.2622,2,40,0.2787,73.7871
9241,"Starling Marte",2025,329,0.2696,9,34,0.3262,111.1427
13066,"Teoscar Hernández",2025,546,0.2466,25,89,0.3149,101.5656
28080,"Jasson Domínguez",2025,429,0.2572,10,47,0.3159,102.1784
20391,"Luis García Jr.",2025,526,0.252,16,66,0.3,89.2557
26197,"Andrew Vaughn",2025,447,0.2537,14,65,0.3112,99.5058
17338,"Willi Castro",2025,454,0.2264,11,33,0.3016,92.6124
29592,"Connor Norby",2025,337,0.2508,8,34,0.3,89.9931
7304,"Salvador Perez",2025,641,0.2362,30,100,0.3105,95.4095
25479,"Brenton Doyle",2025,538,0.2331,15,57,0.2821,66.2383
12144,"Max Kepler",2025,474,0.2158,18,52,0.3005,88.2183
23792,"Alek Thomas",2025,469,0.2494,9,38,0.2872,82.0409
19955,"Gavin Lux",2025,503,0.2691,5,53,0.3223,104.5153
16725,"Jose Trevino",2025,302,0.2376,4,22,0.2708,69.1916
23690,"Brayan Rocchio",2025,383,0.2326,5,44,0.2781,76.4844
31595,"Brooks Lee",2025,527,0.2361,16,64,0.2856,80.9054
22184,"Mark Vientos",2025,463,0.2335,17,61,0.3035,95.5857
22458,"Taylor Walls",2025,317,0.2199,4,38,0.2649,66.448
2396,"Carlos Santana",2025,474,0.2193,11,54,0.2844,80.8768
21501,"Trevor Larnach",2025,567,0.2505,17,60,0.3166,102.2169
17901,"Andrew Benintendi",2025,470,0.2405,20,63,0.3169,103.1461
19858,"Luis Rengifo",2025,541,0.2375,9,43,0.2748,74.589
2967,"Tommy Pham",2025,449,0.2449,10,52,0.3076,93.3122
33541,"Dylan Crews",2025,322,0.2082,10,27,0.2793,75.1123
15679,"Rowdy Tellez",2025,312,0.2284,17,49,0.3072,100.86
26546,"Agustín Ramírez",2025,585,0.2309,21,67,0.3016,91.0992
22275,"Jake Burger",2025,376,0.236,16,53,0.2946,89.4412
22054,"Dane Myers",2025,333,0.2345,6,31,0.2748,72.7084
11489,"Michael A. Taylor",2025,325,0.2,9,35,0.2703,71.0339
13145,"Josh Bell",2025,533,0.2372,22,63,0.3239,105.6333
16622,"Luis Urías",2025,330,0.23,8,25,0.2931,78.3335
21897,"Christopher Morel",2025,305,0.2194,11,33,0.2989,89.8846
19953,"Josh Lowe",2025,435,0.2197,11,40,0.2839,79.5327
28022,"Edgar Quero",2025,403,0.2685,5,36,0.3066,96.0471
31394,"Brooks Baldwin",2025,328,0.24,11,38,0.3016,92.6378
26540,"Angel Martínez",2025,484,0.2242,11,45,0.2737,73.4051
22263,"Nolan Gorman",2025,402,0.2051,14,46,0.2917,87.1902
9847,"Andrew McCutchen",2025,551,0.239,13,57,0.3089,94.2207
19997,"Santiago Espinal",2025,328,0.2425,0,16,0.2587,60.9525
5827,"Wilmer Flores",2025,463,0.2411,16,71,0.3021,95.3413
10231,"Jose Iglesias",2025,343,0.2288,3,36,0.2683,73.439
21523,"Jonathan India",2025,567,0.2334,9,45,0.3007,88.6342
14221,"Jorge Soler",2025,315,0.2151,12,34,0.2977,90.3718
18373,"Ryan Mountcastle",2025,357,0.25,7,35,0.2836,82.0016
26368,"JJ Bleday",2025,344,0.2117,14,39,0.3021,84.5517
23395,"Eric Wagaman",2025,514,0.25,9,53,0.2932,85.3138
19566,"Nathaniel Lowe",2025,609,0.2278,18,84,0.3013,90.0968
16930,"Jonah Heim",2025,433,0.2127,11,43,0.2659,69.6662
20529,"Nolan Jones",2025,403,0.2113,5,34,0.2704,71.1384
16376,"Michael Conforto",2025,486,0.1986,12,36,0.2875,82.7793
24729,"Logan O'Hoppe",2025,451,0.2128,19,43,0.2735,73.6529
11737,"Nick Castellanos",2025,589,0.2505,17,72,0.3004,88.1365
22532,"Tyler Freeman",2025,428,0.2812,2,31,0.3195,91.8289
11899,"Joc Pederson",2025,306,0.1811,9,26,0.2763,76.8562
29575,"Trey Sweeney",2025,326,0.1959,6,32,0.2445,52.222
14813,"Kyle Farmer",2025,300,0.2274,8,31,0.2822,66.2713
27475,"Jordan Walker",2025,396,0.2149,6,41,0.2602,65.6076
25845,"Michael Toglia",2025,337,0.1895,11,32,0.2652,54.6265
