"playerid","PlayerName","Season","Pos","Inn","DRS"
16725,"Jose Trevino",2022,"C",820.1,21
11739,"J.T. Realmuto",2022,"C",1131.2,11
18314,"Dansby Swanson",2022,"SS",1433,9
11265,"Jonathan Schoop",2022,"2B",1106,9
19352,"Sean Murphy",2022,"C",1004,1
18577,"Ke'Bryan Hayes",2022,"3B",1102.2,25
21534,"Cal Raleigh",2022,"C",917,14
16930,"Jonah Heim",2022,"C",900.2,8
7739,"Travis d'Arnaud",2022,"C",876.1,6
12916,"Francisco Lindor",2022,"SS",1378.2,-3
21479,"Nico Hoerner",2022,"SS",1117.2,10
17273,"Jorge Mateo",2022,"SS",1257.1,15
15986,"Willy Adames",2022,"SS",1199.2,9
9777,"Nolan Arenado",2022,"3B",1118.2,20
9774,"Christian Vázquez",2022,"C",870,11
7802,"Miguel Rojas",2022,"SS",1113.2,15
17620,"Myles Straw",2022,"CF",1309,17
12976,"Austin Hedges",2022,"C",839.2,8
5343,"Brandon Crawford",2022,"SS",979,-6
6887,"Martín Maldonado",2022,"C",948.2,2
12161,"Xander Bogaerts",2022,"SS",1249.2,3
19950,"Andrés Giménez",2022,"2B",1073,16
21636,"Jeremy Peña",2022,"SS",1165,16
15112,"Ryan McMahon",2022,"3B",1176.1,11
27506,"Ha-Seong Kim",2022,"SS",1092,11
11493,"Manny Machado",2022,"3B",1143,-2
12564,"Trevor Story",2022,"2B",813.2,6
13624,"Corey Seager",2022,"SS",1259,-4
11489,"Michael A. Taylor",2022,"CF",1010,20
19197,"Will Smith",2022,"C",956.1,8
19997,"Santiago Espinal",2022,"2B",945,4
8709,"Elvis Andrus",2022,"SS",1220.1,-5
17929,"Cedric Mullins",2022,"CF",1259.2,5
18564,"Trent Grisham",2022,"CF",1143,10
12533,"Marcus Semien",2022,"2B",1293,12
17678,"Alex Bregman",2022,"3B",1360.1,-5
5038,"Josh Donaldson",2022,"3B",902.2,7
14196,"Andrew Velazquez",2022,"SS",906,11
16252,"Trea Turner",2022,"SS",1386.2,-1
12144,"Max Kepler",2022,"RF",891.1,7
12979,"Javier Báez",2022,"SS",1122.2,-4
25931,"Michael Harris II",2022,"CF",1021,7
15362,"Jeff McNeil",2022,"2B",844,3
15223,"Adam Frazier",2022,"2B",991.2,0
17232,"Yoán Moncada",2022,"3B",859.2,2
22799,"Geraldo Perdomo",2022,"SS",1160,-3
24610,"Steven Kwan",2022,"LF",1019.2,21
23792,"Alek Thomas",2022,"CF",907.1,7
10231,"Jose Iglesias",2022,"SS",975.2,-4
18363,"Victor Robles",2022,"CF",971.2,12
16505,"Matt Chapman",2022,"3B",1344.1,3
19610,"Keibert Ruiz",2022,"C",865,-5
18345,"Kyle Tucker",2022,"RF",1276.1,15
16512,"Isiah Kiner-Falefa",2022,"SS",1185,10
13510,"José Ramírez",2022,"3B",1109.2,1
18036,"Jake Cronenworth",2022,"2B",1239.2,2
5933,"Jean Segura",2022,"2B",823.1,-1
10059,"Max Stassi",2022,"C",829,0
23697,"Julio Rodríguez",2022,"CF",1126.2,3
13723,"Jacob Stallings",2022,"C",906,-9
17907,"Brendan Rodgers",2022,"2B",1168.1,22
15998,"Cody Bellinger",2022,"CF",1223,-1
19955,"Gavin Lux",2022,"2B",819.2,3
14162,"Carlos Correa",2022,"SS",1113.1,3
5417,"Jose Altuve",2022,"2B",1150.1,-15
12552,"Eugenio Suárez",2022,"3B",1144,-1
17350,"Rafael Devers",2022,"3B",1186,-6
14813,"Kyle Farmer",2022,"SS",842,-1
12927,"Brandon Nimmo",2022,"CF",1282.1,-4
16997,"Gleyber Torres",2022,"2B",1082.2,9
19612,"Bo Bichette",2022,"SS",1374.1,-16
15518,"Amed Rosario",2022,"SS",1241,6
13419,"Christian Walker",2022,"1B",1292,17
13611,"Mookie Betts",2022,"RF",1154.1,15
10155,"Mike Trout",2022,"CF",937.2,-1
12179,"Maikel Franco",2022,"3B",827.2,-10
10681,"Gio Urshela",2022,"3B",1144.2,3
18360,"Austin Riley",2022,"3B",1408,7
13613,"Ketel Marte",2022,"2B",806.1,-6
2136,"David Peralta",2022,"LF",927,-5
25976,"Riley Greene",2022,"CF",814.1,2
13621,"Jeimer Candelario",2022,"3B",974,-1
15491,"J.P. Crawford",2022,"SS",1254,-4
12282,"Rougned Odor",2022,"2B",1019.1,-10
17548,"Taylor Ward",2022,"RF",1069,-4
10556,"César Hernández",2022,"2B",1080,-8
6153,"Eduardo Escobar",2022,"3B",1108.2,-11
19293,"Nick Senzel",2022,"CF",846.2,-11
25764,"Bobby Witt Jr.",2022,"SS",825.2,-18
17919,"Ian Happ",2022,"LF",1233.1,14
21618,"Alec Bohm",2022,"3B",1146.2,-17
16578,"Yandy Díaz",2022,"3B",839,-14
9241,"Starling Marte",2022,"RF",993.2,3
15941,"Austin Nola",2022,"C",834.2,-6
19238,"Lourdes Gurriel Jr.",2022,"LF",896.2,1
13066,"Teoscar Hernández",2022,"RF",966.2,0
10815,"Jurickson Profar",2022,"LF",1237.2,2
30116,"Seiya Suzuki",2022,"RF",905.1,-4
2967,"Tommy Pham",2022,"LF",1135.1,-1
13152,"Jorge Polanco",2022,"2B",833.1,-1
18373,"Ryan Mountcastle",2022,"1B",1079.1,1
13602,"Patrick Wisdom",2022,"3B",903,-7
19326,"Bryan Reynolds",2022,"CF",1063,-14
12532,"Kolten Wong",2022,"2B",1030.2,-1
17027,"Alex Verdugo",2022,"LF",873.2,-1
15464,"Hunter Renfroe",2022,"RF",1043.2,1
19290,"Randy Arozarena",2022,"LF",876,-6
17901,"Andrew Benintendi",2022,"LF",1041.1,-1
11680,"Elias Díaz",2022,"C",833.1,-15
12546,"C.J. Cron",2022,"1B",1028,6
11445,"Mark Canha",2022,"LF",981.2,-5
3516,"Eric Hosmer",2022,"1B",856.1,-4
27465,"Spencer Torkelson",2022,"1B",925,-4
15676,"José Abreu",2022,"1B",1136.1,1
5361,"Freddie Freeman",2022,"1B",1377.2,-2
18607,"Jared Walsh",2022,"1B",959,-2
14344,"Matt Olson",2022,"1B",1441,6
11477,"Christian Yelich",2022,"LF",1008.2,-2
3473,"Anthony Rizzo",2022,"1B",1034,-3
17982,"Ty France",2022,"1B",1084.1,1
13590,"Jesse Winker",2022,"LF",972,-15
13145,"Josh Bell",2022,"1B",1044.1,-1
19611,"Vladimir Guerrero Jr.",2022,"1B",1119,3
15679,"Rowdy Tellez",2022,"1B",1144,-5
9218,"Paul Goldschmidt",2022,"1B",1103.2,2
19251,"Pete Alonso",2022,"1B",1141.2,-2
11737,"Nick Castellanos",2022,"RF",1009.1,-10
16472,"Rhys Hoskins",2022,"1B",1298.1,3
19198,"Yuli Gurriel",2022,"1B",1226.1,-2
19566,"Nathaniel Lowe",2022,"1B",1327.1,-9
20123,"Juan Soto",2022,"RF",1298.1,-2
16478,"Kyle Schwarber",2022,"LF",1167,-14
20503,"William Contreras",2023,"C",942.2,5
26121,"Francisco Alvarez",2023,"C",873.2,6
16930,"Jonah Heim",2023,"C",993.1,6
18314,"Dansby Swanson",2023,"SS",1279.1,17
19352,"Sean Murphy",2023,"C",866,7
21534,"Cal Raleigh",2023,"C",1038,2
24064,"Ezequiel Tovar",2023,"SS",1327,12
15986,"Willy Adames",2023,"SS",1282,8
26288,"Adley Rutschman",2023,"C",934.2,2
25479,"Brenton Doyle",2023,"CF",1023.2,18
16426,"Thairo Estrada",2023,"2B",857,1
25764,"Bobby Witt Jr.",2023,"SS",1280,-5
19950,"Andrés Giménez",2023,"2B",1308,22
19452,"Jake Rogers",2023,"C",832.1,0
26294,"Bryson Stott",2023,"2B",1294.1,7
18577,"Ke'Bryan Hayes",2023,"3B",1037.2,21
23667,"Wander Franco",2023,"SS",948,15
12533,"Marcus Semien",2023,"2B",1406.1,16
22664,"Gabriel Moreno",2023,"C",854,20
12979,"Javier Báez",2023,"SS",1102.1,3
12916,"Francisco Lindor",2023,"SS",1365.1,7
22715,"Maikel Garcia",2023,"3B",859.2,-1
21479,"Nico Hoerner",2023,"2B",1167,11
18015,"Paul DeJong",2023,"SS",909.2,0
19197,"Will Smith",2023,"C",959,11
15112,"Ryan McMahon",2023,"3B",1103,16
11493,"Manny Machado",2023,"3B",919,4
12552,"Eugenio Suárez",2023,"3B",1401.1,-3
17452,"Jose Siri",2023,"CF",834.2,0
20043,"Luis Robert Jr.",2023,"CF",1207.2,7
7802,"Miguel Rojas",2023,"SS",953.2,12
19709,"Fernando Tatis Jr.",2023,"RF",1175.1,29
13185,"Orlando Arcia",2023,"SS",1210,-6
12161,"Xander Bogaerts",2023,"SS",1285.2,-4
11038,"Kevin Kiermaier",2023,"CF",981.1,18
21636,"Jeremy Peña",2023,"SS",1327.2,7
27647,"Anthony Volpe",2023,"SS",1346.2,15
27506,"Ha-Seong Kim",2023,"2B",856.2,10
11489,"Michael A. Taylor",2023,"CF",960.1,5
26299,"Josh Jung",2023,"3B",1050,0
13510,"José Ramírez",2023,"3B",1105,1
9777,"Nolan Arenado",2023,"3B",1095.2,0
27690,"Joey Wiemer",2023,"CF",920.1,1
25931,"Michael Harris II",2023,"CF",1205,2
16219,"J.D. Davis",2023,"3B",915.2,-11
22799,"Geraldo Perdomo",2023,"SS",868,-3
23697,"Julio Rodríguez",2023,"CF",1342.1,-5
24770,"James Outman",2023,"CF",1103.2,1
18882,"Brandon Lowe",2023,"2B",863.1,-5
16505,"Matt Chapman",2023,"3B",1213.2,12
14162,"Carlos Correa",2023,"SS",1144.1,-2
19287,"Adolis García",2023,"RF",1125.2,7
22277,"Nick Allen",2023,"SS",819.2,3
15172,"Tim Anderson",2023,"SS",1002.2,-15
19522,"TJ Friedl",2023,"CF",962.1,-1
20308,"Jake Meyers",2023,"CF",803.1,4
27684,"Michael Massey",2023,"2B",906,-8
18564,"Trent Grisham",2023,"CF",1276,1
19612,"Bo Bichette",2023,"SS",1136.1,4
17273,"Jorge Mateo",2023,"SS",843,2
18900,"Leody Taveras",2023,"CF",1226.1,4
13621,"Jeimer Candelario",2023,"3B",994,-3
16252,"Trea Turner",2023,"SS",1342.1,-10
22186,"Brice Turang",2023,"2B",917,12
13624,"Corey Seager",2023,"SS",951.2,5
15362,"Jeff McNeil",2023,"2B",824,-3
24610,"Steven Kwan",2023,"LF",1352,15
19363,"Austin Hays",2023,"LF",1123,6
17678,"Alex Bregman",2023,"3B",1417.1,5
11739,"J.T. Realmuto",2023,"C",1142,-4
18360,"Austin Riley",2023,"3B",1412,9
17929,"Cedric Mullins",2023,"CF",912,7
20036,"Isaac Paredes",2023,"3B",933.1,2
20202,"Brandon Marsh",2023,"CF",867.1,-3
13613,"Ketel Marte",2023,"2B",1210.1,2
12144,"Max Kepler",2023,"RF",972.1,2
17620,"Myles Straw",2023,"CF",1234.2,6
9627,"Yan Gomes",2023,"C",821.2,-2
23792,"Alek Thomas",2023,"CF",920,5
19896,"Connor Wong",2023,"C",944,4
19918,"Daulton Varsho",2023,"LF",817.2,10
13419,"Christian Walker",2023,"1B",1309.1,9
25768,"CJ Abrams",2023,"SS",1294.2,4
25660,"Will Brennan",2023,"RF",812.2,4
3473,"Anthony Rizzo",2023,"1B",809.2,3
25816,"Shea Langeliers",2023,"C",1028,-13
26123,"Brett Baty",2023,"3B",808.2,-5
15491,"J.P. Crawford",2023,"SS",1260,-4
16997,"Gleyber Torres",2023,"2B",1255.2,-4
22244,"Jack Suwinski",2023,"CF",931.1,-10
20391,"Luis García Jr.",2023,"2B",996.1,-7
12155,"Eddie Rosario",2023,"LF",1057,3
13066,"Teoscar Hernández",2023,"RF",1160.1,1
21780,"Esteury Ruiz",2023,"CF",875,-18
12927,"Brandon Nimmo",2023,"CF",1166.2,-7
21523,"Jonathan India",2023,"2B",893.1,-7
16939,"Lane Thomas",2023,"RF",1292.2,0
17350,"Rafael Devers",2023,"3B",1293,-9
11680,"Elias Díaz",2023,"C",1004.2,-16
6887,"Martín Maldonado",2023,"C",1006.2,-10
17027,"Alex Verdugo",2023,"RF",1170,10
2136,"David Peralta",2023,"LF",805,7
13301,"Max Muncy",2023,"3B",1052,-2
16556,"Ozzie Albies",2023,"2B",1314,1
22275,"Jake Burger",2023,"3B",848,-7
12856,"George Springer",2023,"RF",1137.2,2
9218,"Paul Goldschmidt",2023,"1B",1153.1,3
2396,"Carlos Santana",2023,"1B",1152.2,12
18568,"Luis Arraez",2023,"2B",1124,4
30116,"Seiya Suzuki",2023,"RF",1146.2,1
19326,"Bryan Reynolds",2023,"LF",965,2
15518,"Amed Rosario",2023,"SS",852.2,-15
11477,"Christian Yelich",2023,"LF",1051,-3
18401,"Ronald Acuña Jr.",2023,"RF",1361,-2
15464,"Hunter Renfroe",2023,"RF",1053,-9
5361,"Freddie Freeman",2023,"1B",1378.1,-8
17919,"Ian Happ",2023,"LF",1338.1,2
20123,"Juan Soto",2023,"LF",1345,-5
19566,"Nathaniel Lowe",2023,"1B",1409.1,3
18036,"Jake Cronenworth",2023,"1B",844,1
15653,"Dominic Smith",2023,"1B",1244.2,4
18126,"LaMonte Wade Jr.",2023,"1B",887.2,1
23312,"Ryan Noda",2023,"1B",935,1
18345,"Kyle Tucker",2023,"RF",1323.1,2
19251,"Pete Alonso",2023,"1B",1256.2,6
15223,"Adam Frazier",2023,"2B",948.2,-4
19290,"Randy Arozarena",2023,"LF",1219.2,4
17982,"Ty France",2023,"1B",1360,-7
16578,"Yandy Díaz",2023,"1B",986.1,0
15676,"José Abreu",2023,"1B",1184,-2
19610,"Keibert Ruiz",2023,"C",1014.2,-14
11737,"Nick Castellanos",2023,"RF",1292.1,-9
26197,"Andrew Vaughn",2023,"1B",1229.1,0
14344,"Matt Olson",2023,"1B",1426,8
27465,"Spencer Torkelson",2023,"1B",1366.1,-10
19600,"Bryan De La Cruz",2023,"LF",1159.1,-9
22514,"Triston Casas",2023,"1B",1037,-4
17901,"Andrew Benintendi",2023,"LF",1251.2,-3
19611,"Vladimir Guerrero Jr.",2023,"1B",1065,-7
16478,"Kyle Schwarber",2023,"LF",872.1,-20
27478,"Patrick Bailey",2024,"C",908,20
21534,"Cal Raleigh",2024,"C",1122,17
27562,"Austin Wells",2024,"C",872.1,11
18314,"Dansby Swanson",2024,"SS",1273.1,7
25764,"Bobby Witt Jr.",2024,"SS",1393.2,2
12916,"Francisco Lindor",2024,"SS",1311.2,1
24064,"Ezequiel Tovar",2024,"SS",1375.2,10
26668,"Elly De La Cruz",2024,"SS",1391,-2
27647,"Anthony Volpe",2024,"SS",1416.2,6
19950,"Andrés Giménez",2024,"2B",1331,20
12533,"Marcus Semien",2024,"2B",1382.2,10
21865,"Bo Naylor",2024,"C",899.1,11
29931,"Jacob Young",2024,"CF",1251.2,12
27769,"Pete Crow-Armstrong",2024,"CF",965.2,11
21538,"Nick Fortes",2024,"C",864,5
19608,"Otto Lopez",2024,"2B",850.1,9
17452,"Jose Siri",2024,"CF",1048.2,12
16505,"Matt Chapman",2024,"3B",1338,17
25479,"Brenton Doyle",2024,"CF",1242.2,11
20503,"William Contreras",2024,"C",1060,6
26288,"Adley Rutschman",2024,"C",882.1,4
25493,"Joey Ortiz",2024,"3B",1098.1,8
9777,"Nolan Arenado",2024,"3B",1268.1,6
17678,"Alex Bregman",2024,"3B",1234.2,6
15112,"Ryan McMahon",2024,"3B",1306.2,10
22557,"Michael Siani",2024,"CF",838.1,8
17988,"Tyler Stephenson",2024,"C",1001,-8
13185,"Orlando Arcia",2024,"SS",1381.1,-1
21479,"Nico Hoerner",2024,"2B",1234.1,4
20308,"Jake Meyers",2024,"CF",1144,6
27479,"Masyn Winn",2024,"SS",1285.1,14
24336,"Johan Rojas",2024,"CF",903.1,4
23690,"Brayan Rocchio",2024,"SS",1102,11
24729,"Logan O'Hoppe",2024,"C",1064.1,1
13624,"Corey Seager",2024,"SS",959.1,4
16426,"Thairo Estrada",2024,"2B",811.2,-7
19734,"Josh Rojas",2024,"3B",952.1,7
13613,"Ketel Marte",2024,"2B",929.2,10
27506,"Ha-Seong Kim",2024,"SS",1046.2,2
29490,"Jackson Merrill",2024,"CF",1323.1,0
18030,"Harrison Bader",2024,"CF",1025.1,-2
24617,"Jarren Duran",2024,"CF",810.1,17
18577,"Ke'Bryan Hayes",2024,"3B",829.2,10
19921,"Blake Perkins",2024,"CF",956.1,8
15986,"Willy Adames",2024,"SS",1406.1,-16
21618,"Alec Bohm",2024,"3B",1096,0
22715,"Maikel Garcia",2024,"3B",1001.1,3
22186,"Brice Turang",2024,"2B",1277.2,22
12552,"Eugenio Suárez",2024,"3B",1361.2,-4
23697,"Julio Rodríguez",2024,"CF",1133.1,3
23772,"Wilyer Abreu",2024,"RF",921.1,17
23003,"Yainer Diaz",2024,"C",882,-4
25931,"Michael Harris II",2024,"CF",960.2,11
29591,"Colton Cowser",2024,"LF",809.2,4
20391,"Luis García Jr.",2024,"2B",1086,-5
21614,"Kyle Isbel",2024,"CF",1046.1,5
10681,"Gio Urshela",2024,"3B",902.1,0
15491,"J.P. Crawford",2024,"SS",894.2,9
26289,"Gunnar Henderson",2024,"SS",1384,5
21693,"Miguel Amaya",2024,"C",905.2,5
13510,"José Ramírez",2024,"3B",1108,6
24610,"Steven Kwan",2024,"LF",990,10
21636,"Jeremy Peña",2024,"SS",1388,4
16930,"Jonah Heim",2024,"C",977.1,5
22799,"Geraldo Perdomo",2024,"SS",849.1,10
19197,"Will Smith",2024,"C",1051.1,-4
26294,"Bryson Stott",2024,"2B",1132,7
16252,"Trea Turner",2024,"SS",1018.2,-14
29766,"Zack Gelof",2024,"2B",1209.2,-1
27899,"Colt Keith",2024,"2B",1086.2,-8
31347,"Zach Neto",2024,"SS",1332.2,11
21711,"Oneil Cruz",2024,"SS",958.1,-9
18900,"Leody Taveras",2024,"CF",1227,-10
11739,"J.T. Realmuto",2024,"C",871.1,0
21523,"Jonathan India",2024,"2B",1137,-10
11493,"Manny Machado",2024,"3B",873.2,2
33333,"Wyatt Langford",2024,"LF",832.2,12
19956,"Mickey Moniak",2024,"CF",800,1
13419,"Christian Walker",2024,"1B",1104.1,7
20036,"Isaac Paredes",2024,"3B",1107.1,-2
2396,"Carlos Santana",2024,"1B",1250,8
15362,"Jeff McNeil",2024,"2B",871.1,1
17548,"Taylor Ward",2024,"LF",1241,0
19610,"Keibert Ruiz",2024,"C",971.2,2
12144,"Max Kepler",2024,"RF",806.1,0
16556,"Ozzie Albies",2024,"2B",875.2,1
20454,"Jazz Chisholm Jr.",2024,"CF",829.1,-4
18360,"Austin Riley",2024,"3B",960.1,0
25543,"Korey Lee",2024,"C",838.1,-10
19709,"Fernando Tatis Jr.",2024,"RF",822.2,0
17027,"Alex Verdugo",2024,"LF",1220.1,8
17907,"Brendan Rodgers",2024,"2B",1093,-4
25816,"Shea Langeliers",2024,"C",1108.2,-10
17929,"Cedric Mullins",2024,"CF",1090,-5
19913,"Jesús Sánchez",2024,"RF",874.1,-2
20043,"Luis Robert Jr.",2024,"CF",827.2,1
22184,"Mark Vientos",2024,"3B",880.1,-6
19955,"Gavin Lux",2024,"2B",1053.1,-2
19238,"Lourdes Gurriel Jr.",2024,"LF",1059,3
17350,"Rafael Devers",2024,"3B",1138.1,-9
26368,"JJ Bleday",2024,"CF",1295,-19
12927,"Brandon Nimmo",2024,"LF",1109,1
17919,"Ian Happ",2024,"LF",1248.1,8
22263,"Nolan Gorman",2024,"2B",871.1,-4
14854,"Mike Yastrzemski",2024,"RF",976.2,5
16997,"Gleyber Torres",2024,"2B",1342.2,-11
11579,"Bryce Harper",2024,"1B",1233.1,5
19566,"Nathaniel Lowe",2024,"1B",1193.2,1
22542,"Lawrence Butler",2024,"RF",955.1,-1
24679,"Brendan Donovan",2024,"LF",817,-1
5417,"Jose Altuve",2024,"2B",1262,-13
15640,"Aaron Judge",2024,"CF",903,-9
3473,"Anthony Rizzo",2024,"1B",801.2,2
20123,"Juan Soto",2024,"RF",1277.2,-1
27676,"Vinnie Pasquantino",2024,"1B",893,-3
18373,"Ryan Mountcastle",2024,"1B",981.1,8
20220,"Jo Adell",2024,"RF",1001.2,6
15464,"Hunter Renfroe",2024,"RF",933.2,-4
16376,"Michael Conforto",2024,"LF",835,0
14551,"Anthony Santander",2024,"RF",1119.1,-7
13152,"Jorge Polanco",2024,"2B",925.1,-1
19896,"Connor Wong",2024,"C",878.1,-14
26319,"Michael Busch",2024,"1B",1132.1,5
12856,"George Springer",2024,"RF",1029.2,-2
14344,"Matt Olson",2024,"1B",1443.1,13
18839,"Josh Naylor",2024,"1B",1205,-6
25768,"CJ Abrams",2024,"SS",1170.2,1
5361,"Freddie Freeman",2024,"1B",1270.1,1
22197,"MJ Melendez",2024,"LF",939.2,-7
10815,"Jurickson Profar",2024,"LF",1203.2,-8
16578,"Yandy Díaz",2024,"1B",956.1,-5
25845,"Michael Toglia",2024,"1B",890.2,10
9218,"Paul Goldschmidt",2024,"1B",1313,0
15679,"Rowdy Tellez",2024,"1B",905.1,-3
19290,"Randy Arozarena",2024,"LF",1189,-8
17901,"Andrew Benintendi",2024,"LF",1030,-13
19326,"Bryan Reynolds",2024,"LF",1016.2,-5
33189,"Nolan Schanuel",2024,"1B",1211.1,1
13145,"Josh Bell",2024,"1B",813,-9
13066,"Teoscar Hernández",2024,"LF",871.2,-8
19287,"Adolis García",2024,"RF",1124.2,-5
26197,"Andrew Vaughn",2024,"1B",1059.1,-4
19611,"Vladimir Guerrero Jr.",2024,"1B",1026.1,-1
19251,"Pete Alonso",2024,"1B",1412.1,-3
17982,"Ty France",2024,"1B",1105,-7
11737,"Nick Castellanos",2024,"RF",1363.2,-11
27478,"Patrick Bailey",2025,"C",1029.2,19
22581,"Alejandro Kirk",2025,"C",965.1,9
25764,"Bobby Witt Jr.",2025,"SS",1340,3
21534,"Cal Raleigh",2025,"C",1072,2
27479,"Masyn Winn",2025,"SS",1107.2,2
27464,"Dillon Dingler",2025,"C",1011.2,6
18577,"Ke'Bryan Hayes",2025,"3B",1283,19
24262,"Ceddanne Rafaela",2025,"CF",1167.1,20
27562,"Austin Wells",2025,"C",1001,-7
27769,"Pete Crow-Armstrong",2025,"CF",1357,15
16252,"Trea Turner",2025,"SS",1216.1,2
22277,"Nick Allen",2025,"SS",1045.2,12
22715,"Maikel Garcia",2025,"3B",1144.2,13
25782,"Pedro Pagés",2025,"C",901.2,9
19722,"Carlos Narváez",2025,"C",952,10
25493,"Joey Ortiz",2025,"SS",1217.2,-2
21479,"Nico Hoerner",2025,"2B",1326,17
29931,"Jacob Young",2025,"CF",901.1,13
21636,"Jeremy Peña",2025,"SS",1061.2,5
12161,"Xander Bogaerts",2025,"SS",1083.1,-4
15986,"Willy Adames",2025,"SS",1389.2,-2
12916,"Francisco Lindor",2025,"SS",1374,-1
21840,"Freddy Fermin",2025,"C",803.1,13
22799,"Geraldo Perdomo",2025,"SS",1425,3
20503,"William Contreras",2025,"C",1111.2,0
13611,"Mookie Betts",2025,"SS",1278,17
31349,"Victor Scott II",2025,"CF",1087.2,12
29715,"Hunter Goodman",2025,"C",841.1,-1
13620,"Carson Kelly",2025,"C",864,4
21865,"Bo Naylor",2025,"C",945.1,1
15112,"Ryan McMahon",2025,"3B",1265,10
24610,"Steven Kwan",2025,"LF",1328,22
22266,"Xavier Edwards",2025,"2B",814.1,12
25479,"Brenton Doyle",2025,"CF",1090.2,0
21614,"Kyle Isbel",2025,"CF",1032,9
13510,"José Ramírez",2025,"3B",1145.2,0
19608,"Otto Lopez",2025,"SS",956.2,7
18314,"Dansby Swanson",2025,"SS",1387,7
20454,"Jazz Chisholm Jr.",2025,"2B",851,2
26294,"Bryson Stott",2025,"2B",1093,0
12533,"Marcus Semien",2025,"2B",1108.1,5
22563,"Gabriel Arias",2025,"SS",862,3
29695,"Matt McLain",2025,"2B",1172.2,-6
13624,"Corey Seager",2025,"SS",828,16
23697,"Julio Rodríguez",2025,"CF",1406.1,9
26299,"Josh Jung",2025,"3B",1086.2,-3
16505,"Matt Chapman",2025,"3B",1116.1,5
23003,"Yainer Diaz",2025,"C",990,1
23772,"Wilyer Abreu",2025,"RF",847.1,15
24064,"Ezequiel Tovar",2025,"SS",800.2,-2
11739,"J.T. Realmuto",2025,"C",1151.1,-2
20308,"Jake Meyers",2025,"CF",844,5
19709,"Fernando Tatis Jr.",2025,"RF",1299,15
17678,"Alex Bregman",2025,"3B",972.1,1
20043,"Luis Robert Jr.",2025,"CF",865.2,0
24816,"Andy Pages",2025,"CF",973,-1
9777,"Nolan Arenado",2025,"3B",880.2,6
29646,"Caleb Durbin",2025,"3B",1060.2,5
29622,"Sal Frelick",2025,"RF",1117,9
26668,"Elly De La Cruz",2025,"SS",1382,-5
25931,"Michael Harris II",2025,"CF",1397,6
26289,"Gunnar Henderson",2025,"SS",1249.2,-3
20437,"Royce Lewis",2025,"3B",826,-2
24679,"Brendan Donovan",2025,"2B",809,-2
33266,"Jacob Wilson",2025,"SS",1053.2,-10
16930,"Jonah Heim",2025,"C",800.1,-7
29490,"Jackson Merrill",2025,"CF",1001.1,0
13613,"Ketel Marte",2025,"2B",878,1
15640,"Aaron Judge",2025,"RF",822.1,3
33333,"Wyatt Langford",2025,"LF",841.1,12
19197,"Will Smith",2025,"C",865.1,-8
25816,"Shea Langeliers",2025,"C",928,-10
33322,"Matt Shaw",2025,"3B",1010,12
25878,"Corbin Carroll",2025,"RF",1189.1,7
18360,"Austin Riley",2025,"3B",888.2,-2
18036,"Jake Cronenworth",2025,"2B",970.1,-8
21711,"Oneil Cruz",2025,"CF",1061.1,-14
16512,"Isiah Kiner-Falefa",2025,"SS",817,1
21618,"Alec Bohm",2025,"3B",942.2,-3
22186,"Brice Turang",2025,"2B",1320.2,7
12552,"Eugenio Suárez",2025,"3B",1347.2,-6
27647,"Anthony Volpe",2025,"SS",1303.2,2
27467,"Tyler Soderstrom",2025,"LF",867.2,10
28163,"Junior Caminero",2025,"3B",1257.1,-5
25477,"Isaac Collins",2025,"LF",819.1,-1
14854,"Mike Yastrzemski",2025,"RF",1013.2,7
2396,"Carlos Santana",2025,"1B",848.1,12
17982,"Ty France",2025,"1B",976.2,9
14161,"Byron Buxton",2025,"CF",973,-5
16556,"Ozzie Albies",2025,"2B",1387,-3
19287,"Adolis García",2025,"RF",1124,16
16997,"Gleyber Torres",2025,"2B",1146.1,-4
12564,"Trevor Story",2025,"SS",1371.1,-7
13301,"Max Muncy",2025,"3B",801.1,3
31347,"Zach Neto",2025,"SS",1078.1,13
11493,"Manny Machado",2025,"3B",1252.2,3
23792,"Alek Thomas",2025,"CF",1080.1,-7
26323,"Spencer Steer",2025,"1B",1009.2,8
15491,"J.P. Crawford",2025,"SS",1384.2,-3
35108,"Cam Smith",2025,"RF",1079.1,12
18345,"Kyle Tucker",2025,"RF",1001.2,-1
25768,"CJ Abrams",2025,"SS",1224.1,-6
19522,"TJ Friedl",2025,"CF",1295,-10
17919,"Ian Happ",2025,"LF",1274.1,9
11609,"Willson Contreras",2025,"1B",1011.2,-1
24617,"Jarren Duran",2025,"LF",1149,11
20391,"Luis García Jr.",2025,"2B",1077.1,-17
17929,"Cedric Mullins",2025,"CF",1064.1,-14
31431,"Jordan Beck",2025,"LF",1157.1,1
12927,"Brandon Nimmo",2025,"LF",1268.2,4
31781,"Jackson Holliday",2025,"2B",1202.2,-10
14344,"Matt Olson",2025,"1B",1429,17
25976,"Riley Greene",2025,"LF",1030.1,-5
2967,"Tommy Pham",2025,"LF",924.2,5
24729,"Logan O'Hoppe",2025,"C",869,-10
19612,"Bo Bichette",2025,"SS",1139,-12
26540,"Angel Martínez",2025,"CF",813,-8
19238,"Lourdes Gurriel Jr.",2025,"LF",1006.1,-3
33824,"Jung Hoo Lee",2025,"CF",1275.2,-18
26477,"Spencer Horwitz",2025,"1B",828.2,0
17548,"Taylor Ward",2025,"LF",1331.2,-3
18564,"Trent Grisham",2025,"CF",1133,-11
19326,"Bryan Reynolds",2025,"RF",1004,1
23395,"Eric Wagaman",2025,"1B",862.1,-1
18839,"Josh Naylor",2025,"1B",1081,-1
21454,"Lars Nootbaar",2025,"LF",846,-2
19953,"Josh Lowe",2025,"RF",854.1,-3
11579,"Bryce Harper",2025,"1B",1132.2,-3
13419,"Christian Walker",2025,"1B",1316,-7
18882,"Brandon Lowe",2025,"2B",1015.1,-14
27475,"Jordan Walker",2025,"RF",885.1,-11
29518,"James Wood",2025,"LF",1067.1,1
19611,"Vladimir Guerrero Jr.",2025,"1B",1126.2,8
26319,"Michael Busch",2025,"1B",1185,2
9218,"Paul Goldschmidt",2025,"1B",1029,-1
33189,"Nolan Schanuel",2025,"1B",1131,-5
5361,"Freddie Freeman",2025,"1B",1239,-7
16376,"Michael Conforto",2025,"LF",1010,-5
27465,"Spencer Torkelson",2025,"1B",1272,0
19290,"Randy Arozarena",2025,"LF",1408.1,-1
35110,"Nick Kurtz",2025,"1B",970.2,2
18568,"Luis Arraez",2025,"1B",993.2,3
13066,"Teoscar Hernández",2025,"RF",1106,1
19566,"Nathaniel Lowe",2025,"1B",1235.1,-4
27676,"Vinnie Pasquantino",2025,"1B",1084.1,-2
22515,"Heliot Ramos",2025,"LF",1332.2,-6
11737,"Nick Castellanos",2025,"RF",1208.1,-11
20123,"Juan Soto",2025,"RF",1374,-7
19251,"Pete Alonso",2025,"1B",1403,-9
